codigo,produto,saldo,unidade,preco_atacado,preco_varejo,fornecedor,categoria,imagem,catalogo
205,(HS) MAX DUCHA 5500W 220V 26A,"-8,000",UN,8.99,0.0,TECNO CORTE,ELETRICA,,SIM
231,(HS) RESISTENCIA BELA ULTRA 4T,"245,000",UN,16.63,0.0,DIAMETALIC FERRA,ELETRICA,,SIM
474,ABRACADEIRA 200X4.8MM PRETA,"51,000",UN,9.46,0.0,APLASTEC,UTILIDADES,,SIM
403,ABRACADEIRA 4.8X200MM BRANCA,"20,000",UN,9.76,0.0,APLASTEC,UTILIDADES,403_ABRACADEIRA_4.8X200MM_BRANCA.jpeg,SIM
510,ABRACADEIRA 4.8X280MM BRANCA,"90,000",UN,9.46,0.0,APLASTEC,UTILIDADES,510_ABRACADEIRA_4.8X280MM_BRANCA.jpeg,SIM
404,ABRACADEIRA 4.8X280MM PRETA,"0,000",UN,13.96,0.0,APLASTEC,UTILIDADES,,SIM
472,ABRACADEIRA DE NYLON 100X2.5MM B,"12,000",UN,2.46,0.0,APLASTEC,UTILIDADES,,SIM
473,ABRACADEIRA DE NYLON 100X2.5MM P,"12,000",UN,2.46,0.0,APLASTEC,UTILIDADES,,SIM
310,"ABRACADEIRA DE NYLON 3,6X300MM C","7,000",UN,9.45,0.0,SETE MARES COMER,UTILIDADES,"310_ABRACADEIRA_DE_NYLON_3,6X300MM_C_100_PCS_PRETA.jpg",SIM
470,ABRACADEIRA DE NYLON 300X7.6MM P,"12,000",UN,12.44,0.0,APLASTEC,UTILIDADES,,SIM
413,"ABRACADEIRA DE NYLON 4,8X400MM B","36,000",UN,16.02,0.0,KL VITORIA - COM. D,UTILIDADES,,SIM
346,"ABRACADEIRA DE NYLON 4,8X400MM P","38,000",UN,16.02,0.0,SETE MARES COMER,UTILIDADES,346_ABRACADEIRA_DE_NYLON_4_8X400MM_PRETA.jpg,SIM
499,ABRACADEIRA DE NYLON 4.8X300,"120,000",UN,11.7,0.0,SETE MARES COMER,UTILIDADES,499_ABRACADEIRA_DE_NYLON_4.8X300.jpeg,SIM
471,ABRACADEIRA DE NYLON 400X7.6MM P,"34,000",UN,17.1,0.0,APLASTEC,UTILIDADES,,SIM
217,"ABRACADEIRA DE NYLON 7,6X450MM (","18,000",UN,39.9,0.0,SQ COMERCIO E DIS,UTILIDADES,217_ABRACADEIRA_DE_NYLON_7_6X450MM_PRETA.jpg,SIM
311,ABRACADEIRA DE NYLON BRANCA 4,"61,000",UN,8.32,0.0,SETE MARES COMER,UTILIDADES,311_ABRACADEIRA_DE_NYLON_BRANCA_4_8X150MM.jpg,SIM
323,"ABRACADEIRA NYLON 3,6X300MM C/ 1","11,000",PC,9.44,0.0,SETE MARES COMER,UTILIDADES,323_ABRACADEIRA_NYLON_3_6X300MM C_100_PCSBRANCA.jpg,SIM
312,"ABRACADEIRA NYLON 4,8X150MM","79,000",UN,7.44,0.0,SETE MARES COMER,UTILIDADES,312_ABRACADEIRA_NYLON_4_8X150MM.jpg,SIM
176,ABRACADEIRA NYLON 7.6X450MM (B,"98,000",UN,39.9,0.0,SETE MARES COMER,UTILIDADES,,SIM
467,ADAPATADOR BENJAMIN T EM LATAO,"88,000",UN,2.1,0.0,APLASTEC,ELETRICA,,SIM
355,ADAPTADOR 4 ENTRADAS 10 E 20 A - L,"14,000",UN,7.8,0.0,PLUS ADAPTADORE,ELETRICA,355_adaptador_4_entradas_10_20A.png,SIM
466,ADAPTADOR BOB SPONJA QUADRADO B,"72,000",UN,1.7,0.0,APLASTEC,ELETRICA,,SIM
209,ADAPTADOR CASULO 10 ES20A,"-6,000",UN,2.4,0.0,,ELETRICA,209_adaptador_casulo_10_es_20A.png,SIM
208,ADAPTADOR CUBO 4 LADOS,"-10,000",UN,3.5,0.0,,ELETRICA,208_adaptador_cubo_4lados.jpg,SIM
441,ADAPTADOR DE TORNEIRA,"334,000",UN,2.57,0.0,KL VITORIA - COM. D,HIDRAULICA,441_ADAPTADOR_DE_TORNEIRA.jpeg,SIM
286,ADAPTADOR DOBRAVEL 10 E 20A,"25,000",UN,11.04,0.0,,ELETRICA,,SIM
465,ADAPTADOR MULTIPLO INVERTIDO,"200,000",UN,2.24,0.0,APLASTEC,ELETRICA,,SIM
285,ADAPTADOR REDONDO 10 E20A,"5,000",UN,8.4,0.0,,ELETRICA,285_adpatador_redondo.jpg,SIM
372,"ADESIVO MONOCOMPONENTE 400G, C","6,000",UN,14.9,0.0,KL VITORIA - COM. D,UTILIDADES,,SIM
354,ADESIVO SELANTE MONOCOMNENTE 4,"18,000",PC,14.9,0.0,KL VITORIA - COM. D,UTILIDADES,,SIM
359,"ADESIVO SELANTE MONOCOMPONENTE,4","18,000",UN,14.9,0.0,KL VITORIA - COM. D,UTILIDADES,,SIM
228,"ADPATADOR 3""T"" SAIDAS 10/20 A PIN","-14,000",UN,7.05,0.0,,ELETRICA,228_adatador_3T_saidas_10_20_a_pino_macico.png,SIM
163,ALICATE BICO 6 (STARTOOLS),"32,000",UN,17.99,0.0,STARTOOLS FERRA,FERRAMENTAS,163_ALICATE_BICO_6_STARTOOLS.jpg,SIM
399,ALICATE DE CORTE 6,"111,000",UN,12.28,0.0,SETE MARES COMER,FERRAMENTAS,399_ALICATE_DE_CORTE_6.jpeg,SIM
386,ALICATE DE CORTE 8,"143,000",UN,16.02,0.0,SETE MARES COMER,FERRAMENTAS,386_ALICATE_DE_CORTE_8.jpeg,SIM
555,"ALICATE P/ BOMBA DE AGUA, 10","60,000",UN,29.16,0.0,SETE MARES COMER,FERRAMENTAS,555_ALICATE_P_BOMBA_DE_AGUA_10.jpeg,SIM
38,ALICATE TURQUESA 8 - 4X12 (STARTO,"136,000",UN,17.0,0.0,STARTOOLS FERRA,FERRAMENTAS,38_ALICATE_TURQUESA_8_4X12_STARTOOLS.jpg,SIM
320,"ANEL P/ VEDACAO, DE BORRACHA, 50 P","108,000",UN,11.34,0.0,SETE MARES COMER,UTILIDADES,320_ANEL_VEDACAO_DE_BORRACHA_50 PCS.jpg,SIM
313,APARELHO DE BARBEAR DE USO MANU,"30,000",UN,29.96,0.0,SETE MARES COMER,UTILIDADES,,SIM
352,"APLICADOR DE METAL, DE USO MANUA","65,000",UN,16.99,0.0,SETE MARES COMER,FERRAMENTAS,352_APLICADOR_DE_METAL_DE_USO_MANUAL_SILICONE.jpg,SIM
278,APLICADOR DE SILICONE MANUAL IN,"0,000",PC,18.02,0.0,KL VITORIA - COM. D,FERRAMENTAS,278_APLICADOR_DE_SILICONE_MANUAL_INTERCAMBIAVEL_AMARELA_MARCA_ELITE.jpg,SIM
54,AR0181 - FITA SILVER TAPE 10MTS (S,"20,000",UN,10.02,0.0,STARTOOLS FERRA,UTILIDADES,54_AR0181_FITA_SILVER_TAPE_10MTS_STARTOOLS.jpg,SIM
41,AR0330 - MANGUEIRA DE BICO BIDE 1,"21,000",UN,35.44,0.0,STARTOOLS FERRA,HIDRAULICA,41_AR0330_MANGUEIRA_DE_BICO_BIDE_1M.png,SIM
44,AR0438 - CHAVE PHILLIPS ISOLADA VE,"0,000",CX,7.58,0.0,STARTOOLS FERRA,FERRAMENTAS,,SIM
45,AR0469 - JOGO DE SOQUETE/CANHAO -,"-2,000",UN,16.52,0.0,STARTOOLS FERRA,FERRAMENTAS,45_AR0469_JOGO_DE_SOQUETE_CANHAO_2X36_STARTOOLS.png,SIM
46,AR0566 - ABRACADEIRA NYLON PRETA,"56,000",UN,13.13,0.0,STARTOOLS FERRA,UTILIDADES,46_AR0566_ABRACADEIRA_NYLON_PRETA_7.6X200MM_STARTOOLS.jpg,SIM
47,AR0673 - ALICATE DESENCAPADOR E C,"16,000",UN,42.9,0.0,STARTOOLS FERRA,FERRAMENTAS,47_AR0673_ALICATE_DESENCAPADOR_E_CRIMPADOR_DE_FIOS_AUTOMATICO_8 _(STARTOOLS).jpg,SIM
48,AR0706 - JOGO CHAVE COMBINADA C/,"4,000",UN,26.96,0.0,STARTOOLS FERRA,FERRAMENTAS,48_AR0706_JOGO_CHAVE_COMBINADA_C_6PCS_8_10_12_13_14_17MM_STARTOOLS.jpg,SIM
52,AR0728 - JOGO CHAVE FIXA C/12PCS 6X,"0,000",UN,71.0,0.0,STARTOOLS FERRA,FERRAMENTAS,52_AR0728_JOGO_CHAVE_FIXA _C_12PCS_6X7_ATE_30X32_STARTOOLS.jpg,SIM
53,AR3000 - ETANIZ GAS PARA MACARICO,"13,000",UN,16.99,0.0,SETE MARES COMER,FERRAMENTAS,,SIM
387,ARCO DE SERRA,"32,000",UN,14.94,0.0,SETE MARES COMER,FERRAMENTAS,387_ARCO_DE_SERRA.jpeg,SIM
373,ARCO DE SERRA,"4,000",UN,19.99,0.0,KL VITORIA - COM. D,FERRAMENTAS,373_ARCO_DE_SERRA.jpg,SIM
331,AUTO BROCANTE ARRUELA FIXA TER,"12,000",CT,111.1,0.0,KL VITORIA - COM. D,FERRAMENTAS,331_AUTO_BROCANTE_ARRUELA_FIXA_TERMO_ACUSTICO_RUSPERT_PROFISSIONAL_12X80_P06376.jpg,SIM
330,AUTO BROCANTE ARRUELA FIXA TER,"12,000",CT,110.59,0.0,KL VITORIA - COM. D,FERRAMENTAS,330_AUTO_BROCANTE_ARRUELA_FIXA_TERMO_ACUSTICO_RUSPERT_12 X2_3_8_(5.5 X 6)_P03757.jpg,SIM
333,AUTO BROCANTE ARRUELA FIXA TER,"9,000",CT,78.3,0.0,KL VITORIA - COM. D,FERRAMENTAS,333_AUTO_BROCANTE_ARRUELA_FIXA_TERMO_ACUSTICO_RUSPERT_12 X 4_5.5 X 102_P04822.jpg,SIM
334,AUTO BROCANTE ARRUELA FIXA TER,"9,000",CT,91.46,0.0,KL VITORIA - COM. D,FERRAMENTAS,334_AUTO_BROCANTE_ARRUELA_FIXA_TERMO_ACUSTICO_RUSPERT_12 X 5_5_5 X 127_P06444.jpg,SIM
332,AUTO BROCANTE ARRUELA FIXA EPD,"10,000",CT,108.67,0.0,KL VITORIA - COM. D,FERRAMENTAS,332_AUTO_BROCANTE_ARRUELA_FIXA_EPDM_RUSPERT_TERMO_ACUSTICO_12 X 3.1_2 _5.5 X90.jpg,SIM
124,AUTO BROCANTE ARRUELA MOVEL B,"5,000",CT,97.78,0.0,KL VITORIA - COM. D,FERRAMENTAS,124_AUTO_BROCANTE_ARRUELA_MOVEL_BW_12 X 3_4_ 5.5 X 19_ZINCADO_P03184.jpg,SIM
272,AUTO BROCANTE ARRUELA MOVEL B,"6,000",CT,68.46,0.0,KL VITORIA - COM. D,FERRAMENTAS,272_AUTO_BROCANTE_ARRUELA_MOVEL_BW_12 X 5_5.5 X 125_ZINCADO_P01050.jpg,SIM
279,AUTO BROCANTE ARRUELA MOVEL B,"0,000",CX,0.0,0.0,KL VITORIA - COM. D,FERRAMENTAS,,SIM
275,AUTO BROCANTE ARRUELA MOVEL B,"4,000",CX,53.31,0.0,KL VITORIA - COM. D,FERRAMENTAS,275_AUTO_BROCANTE_ARRUELA_MOVEL_BW_PROFISSIONAL_12 X 4_5.5 X 102_ZINCADO_100_ PCS.jpg,SIM
125,AUTO BROCANTE COSTURA TELHA/T,"27,000",CT,84.24,0.0,KL VITORIA - COM. D,FERRAMENTAS,125_AUTO_BROCANTE_COSTURA_TELHA_TELHA ARRUELA_MOVEL_BW_12 X 7_8_P03221.jpg,SIM
327,AUTO PERFURANTE STEEL TILE IN WO,"1,000",CE,112.26,0.0,KL VITORIA - COM. D,FERRAMENTAS,327_AUTO_PERFURANTE_STEEL_TILE_IN_WOOD_15_3_1_2 5.5_90_P04297.jpg,SIM
328,AUTO PERFURANTE STEEL TILE IN WO,"4,000",CT,91.42,0.0,KL VITORIA - COM. D,FERRAMENTAS,328_AUTO_PERFURANTE_STEEL_TILE_IN_WOOD_15X4_1_2_5.5 X 115.jpg,SIM
325,AUTO PERFURANTE STEEL TILE IN WO,"36,000",CT,123.2,0.0,KL VITORIA - COM. D,FERRAMENTAS,325_AUTO_PERFURANTE_STEEL_TILE_IN_WOOD_17X1_1 1_1_2_4.8X38_P04020.jpg,SIM
388,"BASTAO DE COLA, P/ PISTOLA DE COL","21,000",PC,48.94,0.0,SETE MARES COMER,UTILIDADES,388_BASTAO_DE_COLA_PISTOLA_DE_COLA_QUENTE.jpeg,SIM
389,"BASTAO DE COLA, P/ PISTOLA DE COL","43,000",UN,48.94,0.0,SETE MARES COMER,UTILIDADES,389_BASTAO_DE_COLA_PISTOLA_DE_COLA_QUENTE.jpeg,SIM
166,BENJAMIN LATAO 3 SAIDAS,"0,000",UN,3.43,0.0,,ELETRICA,166_benjamin_latao_3saidas.png,SIM
226,BENJAMIN T 3 SAIDAS,"-30,000",UN,2.75,0.0,,ELETRICA,226_benjamin_t_3saidas.png,SIM
227,BOB-PORCELANA,"579,000",UN,2.75,0.0,,ELETRICA,227_bob_porcelana.jpg,SIM
314,"BOMBA DE AR, DE USO MANUAL 55C","34,000",UN,16.82,0.0,SETE MARES COMER,UTILIDADES,314_BOMBA_DE_AR_DE_USO_MANUAL_55CMX3MM_KIT_INFLAVEL.jpg,SIM
238,BROCA ACO RAPIDO 10X2.5MM,"0,000",UN,2.51,0.0,DIAMETALIC FERRA,FERRAMENTAS,238_BROCA_ACO_RAPIDO_10X2_5MM.jpg,SIM
309,"BROCA ACO RAPIDO 2,8MM","39,000",UN,1.28,0.0,DIAMETALIC FERRA,FERRAMENTAS,309_BROCA_ACO_RAPIDO_2_8MM.jpg,SIM
237,BROCA ACO RAPIDO HSS-G 10X1.5M,"0,000",UN,1.4,0.0,DIAMETALIC FERRA,FERRAMENTAS,237_BROCA_ACO_RAPIDO_HSS_G_10X1_5M.jpg,SIM
407,BROCA CHATA 10MM,"6,000",UN,3.12,0.0,KL VITORIA - COM. D,FERRAMENTAS,407_BROCA_CHATA_10MM.jpeg,SIM
408,BROCA CHATA 12MM,"6,000",UN,4.15,0.0,KL VITORIA - COM. D,FERRAMENTAS,408_BROCA_CHATA_12MM.png,SIM
409,BROCA CHATA 16MM,"6,000",UN,5.17,0.0,KL VITORIA - COM. D,FERRAMENTAS,409_BROCA_CHATA_16MM.jpeg,SIM
454,BROCA CHATA 18MM,"5,000",UN,5.5,0.0,KL VITORIA - COM. D,FERRAMENTAS,454_BROCA_CHATA_18MM.jpeg,SIM
411,BROCA CHATA 20MM,"6,000",UN,6.19,0.0,KL VITORIA - COM. D,FERRAMENTAS,411_BROCA_CHATA_20MM.jpeg,SIM
412,BROCA CHATA 25MM,"6,000",UN,7.25,0.0,KL VITORIA - COM. D,FERRAMENTAS,412_BROCA_CHATA_25MM.jpeg,SIM
269,BROCA DE CONCRETO 5X86MM,"0,000",UN,2.72,0.0,DIAMETALIC FERRA,FERRAMENTAS,269_BROCA_DE_CONCRETO_5X86MM.jpg,SIM
289,"BROCA HSS-G 10X1,5MM","29,000",UN,12.0,0.0,DIAMETALIC FERRA,FERRAMENTAS,289_BROCA_HSS_G_10X1_5MM.png,SIM
236,BROCA HSS-G 10X1MM,"9,000",UN,12.0,0.0,DIAMETALIC FERRA,FERRAMENTAS,236_BROCA_HSS_G_10X1MM.jpg,SIM
291,"BROCA HSS-G 10X2,5MM","50,000",UN,11.2,0.0,DIAMETALIC FERRA,FERRAMENTAS,291_BROCA_HSS_G_10X2_5MM.jpg,SIM
290,BROCA HSS-G 10X2MM,"49,000",UN,11.2,0.0,DIAMETALIC FERRA,FERRAMENTAS,290_BROCA_HSS_G_10X2MM.jpg,SIM
293,"BROCA HSS-G 10X3,5MM","50,000",UN,20.8,0.0,DIAMETALIC FERRA,FERRAMENTAS,293_BROCA_HSS_G_10X3_5MM.png,SIM
292,BROCA HSS-G 10X3MM,"31,000",UN,20.8,0.0,DIAMETALIC FERRA,FERRAMENTAS,292_BROCA_HSS_G_10X3MM.png,SIM
295,"BROCA HSS-G 10X4,5MM","44,000",UN,33.6,0.0,DIAMETALIC FERRA,FERRAMENTAS,295_BROCA_HSS_G_10X4_5MM.jpg,SIM
294,BROCA HSS-G 10X4MM,"52,000",UN,27.2,0.0,DIAMETALIC FERRA,FERRAMENTAS,294_BROCA_HSS_G_10X4MM.jpg,SIM
297,"BROCA HSS-G 10X5,5MM","38,000",UN,49.6,0.0,DIAMETALIC FERRA,FERRAMENTAS,297_BROCA_HSS_G_10X5_5MM.jpg,SIM
296,BROCA HSS-G 10X5MM,"35,000",UN,40.0,0.0,DIAMETALIC FERRA,FERRAMENTAS,296_BROCA_HSS_G_10X5MM.jpg,SIM
299,BROCA HSS-G 10X6.5MM,"47,000",UN,64.0,0.0,DIAMETALIC FERRA,FERRAMENTAS,299_BROCA_HSS_G_10X6_5MM.png,SIM
298,BROCA HSS-G 10X6MM,"36,000",UN,56.0,0.0,DIAMETALIC FERRA,FERRAMENTAS,298_BROCA_HSS_G_10X6MM.jpg,SIM
301,BROCA HSS-G 10X7.5MM,"47,000",UN,8.16,0.0,DIAMETALIC FERRA,FERRAMENTAS,301_BROCA_HSS_G_10X7_5MM.jpg,SIM
300,BROCA HSS-G 10X7MM,"39,000",UN,7.2,0.0,DIAMETALIC FERRA,FERRAMENTAS,300_BROCA_HSS_G_10X7MM.jpg,SIM
306,BROCA HSS-G 5X10MM,"48,000",UN,7.04,0.0,DIAMETALIC FERRA,FERRAMENTAS,306_BROCA_HSS_G_5X10MM.png,SIM
308,"BROCA HSS-G 5X12,5MM","20,000",UN,12.0,0.0,DIAMETALIC FERRA,FERRAMENTAS,308_BROCA_HSS_G_5X12_5MM.png,SIM
307,BROCA HSS-G 5X12MM,"49,000",UN,12.0,0.0,DIAMETALIC FERRA,FERRAMENTAS,307_BROCA_HSS_G_5X12MM.png,SIM
302,BROCA HSS-G 5X8MM,"43,000",UN,4.56,0.0,DIAMETALIC FERRA,FERRAMENTAS,302_BROCA_HSS_G_5X8MM.jpg,SIM
304,"BROCA HSS-G 5X9,5MM","49,000",UN,6.64,0.0,DIAMETALIC FERRA,FERRAMENTAS,304_BROCA_HSS_G_5X9_5MM.png,SIM
303,BROCA HSS-G 5X9MM,"49,000",UN,7.5,0.0,DIAMETALIC FERRA,FERRAMENTAS,303_BROCA_HSS_G_5X9MM.png,SIM
530,BROCA MOURAO 1/4 X 250MM,"21,000",PC,12.06,0.0,KL VITORIA - COM. D,FERRAMENTAS,530_BROCA_MOURAO_1_4 X250MM.jpeg,SIM
531,BROCA MOURAO LONGA 9/32 X 250MM,"30,000",PC,12.37,0.0,KL VITORIA - COM. D,FERRAMENTAS,531_BROCA_MOURAO_LONGA_9_32 X250MM.jpeg,SIM
554,BROCA PARA CONCRETO 6MM X 100M,"0,000",UN,0.0,0.0,COLLINS,FERRAMENTAS,,SIM
270,BROCA VIDEA 8X120MM,"-10,000",UN,4.16,0.0,DIAMETALIC FERRA,FERRAMENTAS,270_BROCA_VIDEA_8X120MM.jpg,SIM
283,BROCA WIDEA 10MM,"11,000",UN,5.12,0.0,DIAMETALIC FERRA,FERRAMENTAS,283_BROCA_WIDEA_10MM.jpg,SIM
519,"BROCA WIDEA 10MM,ELITE","36,000",UN,13.26,0.0,KL VITORIA - COM. D,FERRAMENTAS,519_BROCA_WIDEA_10MM_ELITE.jpeg,SIM
284,BROCA WIDEA 12MM,"13,000",UN,8.48,0.0,DIAMETALIC FERRA,FERRAMENTAS,284_BROCA_WIDEA_12x150MM.png,SIM
281,BROCA WIDEA 6MM,"25,000",UN,3.04,0.0,DIAMETALIC FERRA,FERRAMENTAS,281_BROCA_WIDEA_6MM.png,SIM
517,BROCA WIDEA 6MM ELITE,"199,000",UN,3.34,0.0,KL VITORIA - COM. D,FERRAMENTAS,517_BROCA_WIDEA_6MM_ELITE.jpeg,SIM
282,BROCA WIDEA 8MM,"75,000",UN,4.16,0.0,DIAMETALIC FERRA,FERRAMENTAS,282_BROCA_WIDEA_8MM.png,SIM
518,"BROCA WIDEA 8MM, ELITE","193,000",UN,7.33,0.0,KL VITORIA - COM. D,FERRAMENTAS,518_BROCA_WIDEA_8MM_ELITE.jpeg,SIM
522,"BROCA WIDEA SDS PLUS 160X 12MM, E","16,000",UN,9.42,0.0,KL VITORIA - COM. D,FERRAMENTAS,522_BROCA_WIDEA_SDS_PLUS_160X 12MM_ELITE.jpeg,SIM
521,"BROCA WIDEA SDS PLUS 160X10MM,E","95,000",UN,8.06,0.0,KL VITORIA - COM. D,FERRAMENTAS,521_BROCA_WIDEA_SDS_PLUS_160X10MM_ELITE.jpeg,SIM
513,BUCHA FIXACAO ECOLIDER 10 C/ANEL,"10,000",UN,33.6,0.0,,UTILIDADES,513_BUCHA_FIXACAO_ECOLIDER_10_ANEL_CINZA.jpeg,SIM
514,BUCHA FIXACAO ECOLIDER 8 C/ANEL C,"10,000",UN,35.6,0.0,,UTILIDADES,514_BUCHA_FIXACAO_ECOLIDER_8_C_ANEL_CINZA.jpeg,SIM
580,BUCHAS PLASTICAS 8MM,"10,000",UN,29.23,0.0,APLASTEC,FERRAMENTAS,,SIM
43,CABO EXTENSOR FLEXIVEL P/PARAFU,"6,000",UN,19.96,0.0,STARTOOLS FERRA,FERRAMENTAS,43_CABO_EXTENSOR_FLEXIVEL_P_PARAFUSADEIRA_COM_BITS_STARTOOLS.jpg,SIM
442,CHAVE BIELA DE ABERTURA 10MM,"236,000",UN,7.67,0.0,KL VITORIA - COM. D,FERRAMENTAS,442_CHAVE_BIELA_DE_ABERTURA_10MM.jpeg,SIM
443,CHAVE BIELA DE ABERTURA FIXA 11,"220,000",UN,7.47,0.0,KL VITORIA - COM. D,FERRAMENTAS,443_CHAVE_BIELA_DE_ABERTURA_FIXA_11MM.jpeg,SIM
482,CHAVE BIELA TIPO L 17MM,"36,000",UN,13.94,0.0,,FERRAMENTAS,482_CHAVE_BIELA_TIPO_L_17MM.jpeg,SIM
503,CHAVE DE BIELA 13MM,"140,000",UN,8.86,0.0,SETE MARES COMER,FERRAMENTAS,503_CHAVE_DE_BIELA_13MM.jpeg,SIM
444,CHAVE DE BIELA DE ABERTURA FIXA 1,"134,000",UN,7.75,0.0,KL VITORIA - COM. D,FERRAMENTAS,444_CHAVE_DE_BIELA_DE_ABERTURA_FIXA_12MM.jpeg,SIM
445,CHAVE DE BIELA DE ABERTURA FIXA 1,"185,000",UN,9.81,0.0,KL VITORIA - COM. D,FERRAMENTAS,445_CHAVE_DE_BIELA_DE_ABERTURA_FIXA_14MM.jpeg,SIM
446,CHAVE DE BIELA DE ABERTURA FIXA 1,"78,000",UN,10.74,0.0,SETE MARES COMER,FERRAMENTAS,446_CHAVE_DE_BIELA_DE_ABERTURA_FIXA_]15MM.jpeg,SIM
448,CHAVE DE BIELA DE ABERTURA FIXA 8,"290,000",UN,7.64,0.0,SETE MARES COMER,FERRAMENTAS,448_CHAVE_DE_BIELA_DE_ABERTURA_FIXA_8MM.png,SIM
449,CHAVE DE FENDA DE METAL COM CA,"180,000",UN,6.84,0.0,SETE MARES COMER,FERRAMENTAS,,SIM
558,CHAVE DE RODA 17-19-21-23 ACO,"20,000",UN,42.3,0.0,SETE MARES COMER,FERRAMENTAS,558_CHAVE_DE_RODA_17_19_21_23_ACO.jpeg,SIM
224,CHAVE PARA ESMERILHADEIRA,"100,000",UN,14.1,0.0,SETE MARES COMER,FERRAMENTAS,224_CHAVE_PARA_ESMERILHADEIRA.jpg,SIM
240,CHUVEIRO BELA DUCHA LOROZETTI 6,"0,000",UN,72.11,0.0,,ELETRICA,,SIM
578,CHUVEIRO ZAGONEL BALLERINA 3T,"8,000",UN,59.99,0.0,,ELETRICA,,SIM
451,CINTA DE NAILON,"48,000",UN,13.92,0.0,SETE MARES COMER,FERRAMENTAS,,SIM
390,COLHER PEDREIRO 7,"96,000",UN,8.54,0.0,SETE MARES COMER,FERRAMENTAS,390_COLHER _PEDREIRO_7.jpeg,SIM
435,COLHER PEDREIRO REDONDO 10 18KG,"48,000",UN,25.23,0.0,,FERRAMENTAS,435_COLHER_PEDREIRO_REDONDO_10_18KG.jpeg,SIM
433,COLHER PEDREIRO RETO 10 16KG,"20,000",UN,20.45,0.0,,FERRAMENTAS,433_COLHER_PEDREIRO_RETO_10_16KG.jpeg,SIM
425,COLHER PEDREIRO 10 CANTO REDOND,"36,000",UN,28.15,0.0,,FERRAMENTAS,425_COLHER_PEDREIRO_10_CANTO_REDONDO_27KG.png,SIM
429,COLHER PEDREIRO 10 CANTO RETO 27,"36,000",UN,27.16,0.0,,FERRAMENTAS,429_COLHER_PEDREIRO_10_CANTO_RETO_27KG.jpeg,SIM
426,COLHER PEDREIRO 7 CANTO RETO 15,"40,000",UN,20.8,0.0,,FERRAMENTAS,426_COLHER_PEDREIRO_7_CANTO_RETO_15KG.jpeg,SIM
436,COLHER PEDREIRO 7CANTO REDONDO,"40,000",UN,21.35,0.0,,FERRAMENTAS,436_COLHER_PEDREIRO_7_CANTO_REDONDO_12KG.jpeg,SIM
438,COLHER PEDREIRO 8 CANTO REDOND,"37,000",UN,23.54,0.0,,FERRAMENTAS,438_COLHER_PEDREIRO_8_CANTO_REDONDO_19KG.jpeg,SIM
427,COLHER PEDREIRO 8 CANTO RETO 19,"36,000",UN,23.44,0.0,,FERRAMENTAS,427_COLHER_PEDREIRO_8_CANTO_RETO_19KG.jpeg,SIM
391,COLHER PEDREIRO 9,"93,000",UN,9.99,0.0,SETE MARES COMER,FERRAMENTAS,391_COLHER_PEDREIRO_9.jpeg,SIM
437,COLHER PEDREIRO 9 CANTO REDOND,"30,000",UN,25.74,0.0,,FERRAMENTAS,437_COLHER_PEDREIRO_9_CANTO_REDONDO_30KG.jpeg,SIM
428,COLHER PEDREIRO 9 CANTO RETO 22,"31,000",UN,25.92,0.0,,FERRAMENTAS,428_COLHER_PEDREIRO_9_CANTO_RETO_22KG.jpeg,SIM
432,COLHER PEDREIRO CANTO RETO 9,"44,000",UN,21.96,0.0,,FERRAMENTAS,432_COLHER_PEDREIRO_CANTO_RETO_9.jpeg,SIM
434,COLHER PEDREIRO REDONDO 9 16KG,"38,000",UN,20.74,0.0,,FERRAMENTAS,434_COLHER_PEDREIRO_REDONDO_9.jpeg,SIM
430,COLHER PEDREIRO RETO 7 13KG,"48,000",UN,19.81,0.0,,FERRAMENTAS,430_COLHER_PEDREIRO_RETO_7 _13KG.jpeg,SIM
431,COLHER PEDREIRO RETO 8,"44,000",UN,20.73,0.0,,FERRAMENTAS,431_COLHER_PEDREIRO_RETO_8.jpeg,SIM
455,CONECTOR 10MM 3 POLO 10A 250V 08,"100,000",UN,2.38,0.0,APLASTEC,ELETRICA,,SIM
456,CONECTOR 16MM 2 POLO 50A 600V,"100,000",UN,2.65,0.0,APLASTEC,ELETRICA,,SIM
457,CONECTOR 16MM 3 POLO 50A 600V,"170,000",UN,4.48,0.0,APLASTEC,ELETRICA,,SIM
338,CONECTOR CERAMICO 3 POLOS 10MM,"-12,000",UN,3.02,0.0,PHP UTILIDADES LT,ELETRICA,338_conector_ceramico_10mm_3polos.jpeg,SIM
339,CONECTOR CERAMICO 3 POLOS 16 MM,"-23,000",UN,5.7,0.0,PHP UTILIDADES LT,ELETRICA,339_CONECTOR_CERAMICO_3 POLOS_16 MM.jpg,SIM
504,CONECTOR DE MANGUEIRA 1/2,"354,000",UN,3.51,0.0,SETE MARES COMER,HIDRAULICA,504_CONECTOR_DE_MANGUEIRA_1_2.jpeg,SIM
586,CONJUNTO COM 12 PCS BUCHA 8,"100,000",UN,1.85,0.0,,SEM GRUPO,,SIM
587,CONJUNTO COM 12 PCS BUCHA 8,"100,000",UN,1.85,0.0,,SEM GRUPO,,SIM
588,CONJUNTO COM 8 PCS BUCHA 10,"100,000",UN,1.85,0.0,,SEM GRUPO,,SIM
101,CONJUNTO DE LAMINA DE ESTILETE 1,"37,000",UN,4.9,0.0,KL VITORIA - COM. D,FERRAMENTAS,101_CONJUNTO_DE_LAMINA_DE_ESTILETE_18MM_10 PCS.jpg,SIM
369,CONJUNTO DE ROLOS PARA PINTURA C,"7,000",UN,74.74,0.0,KL VITORIA - COM. D,UTILIDADES,369_CONJUNTO_DE_ROLOS_PARA-PINTURA_COM_5_ITENS.jpg,SIM
102,"CONJUNTO DE SOQUETE 9 PCS, MARCA","-3,000",UN,15.4,0.0,KL VITORIA - COM. D,FERRAMENTAS,102_CONJUNTO_DE_SOQUETE_9 PCS_ MARCA_ELITE.jpg,SIM
584,CORANTE LIQUID INDELFLEX AMAREL,"156,000",UN,4.5,0.0,VALDEMAR SANTA,UTILIDADES,584_CORANTE_LIQUID_INDELFLEX_AMARELO_50ML.jpeg,SIM
585,CORANTE LIQUID INDELFLEX AZUL 5,"156,000",UN,4.5,0.0,VALDEMAR SANTA,UTILIDADES,585_CORANTE_LIQUID_INDELFLEX_AZUL_50ML.jpeg,SIM
582,CORANTE LIQUID INDELFLEX PRETO 5,"120,000",UN,4.5,0.0,VALDEMAR SANTA,UTILIDADES,582_CORANTE_LIQUID_INDELFLEX_PRETO_50ML.jpeg,SIM
583,CORANTE LIQUID INDELFLEX VERDE 5,"156,000",UN,4.5,0.0,VALDEMAR SANTA,UTILIDADES,583_CORANTE_LIQUID_INDELFLEX_VERDE_50ML.jpeg,SIM
393,CORDA DE MULTI USO 15MMX 8MM,"21,000",UN,9.99,0.0,SETE MARES COMER,UTILIDADES,393_CORDA_DE_MULTI_USO_15MMX 8MM.jpeg,SIM
392,CORDA MULTI USO 10 X 8MM,"67,000",UN,7.44,0.0,SETE MARES COMER,UTILIDADES,392_CORDA_MULTI_USO_10 X 8MM.jpeg,SIM
72,"DISCO ABRASIVO 115X1X20,23MM INOX","-32,000",UN,3.0,0.0,TECNO CORTE,FERRAMENTAS,72_DISCO_ABRASIVO_115_1X20_23MM INOX_FERRO.jpg,SIM
287,DISCO DE CORTE 24 DENTES FURO 25 P,"5,000",UN,36.15,0.0,DIAMETALIC FERRA,FERRAMENTAS,,SIM
368,DISCO DE CORTE ABRASIVO 110X1.0X2,"70,000",UN,3.36,0.0,KL VITORIA - COM. D,FERRAMENTAS,368_DISCO_DE_CORTE_ABRASIVO_110X1_0X20MM_FURO 20.jpg,SIM
366,DISCO DE CORTE ABRASIVO INOX 115 X,"200,000",UN,1.78,0.0,KL VITORIA - COM. D,FERRAMENTAS,366_DISCO_DE_CORTE_ABRASIVO_INOX_115 X 1_0 X 22_SAMURAI.jpg,SIM
520,DISCO DE CORTE ABRASIVO INOX 115,"400,000",UN,4.1,0.0,KL VITORIA - COM. D,FERRAMENTAS,520_DISCO_DE_CORTE_ABRASIVO_INOX_115X1_2X200MM_ELITE.jpeg,SIM
367,DISCO DE CORTE ABRASIVO INOX 180 X,"70,000",UN,5.46,0.0,KL VITORIA - COM. D,FERRAMENTAS,367_DISCO_DE_CORTE_ABRASIVO_INOX 180 X 1_6 X 22_SAMURAI.jpg,SIM
201,DISCO DE CORTE DIAMANTADO 100X2,"145,000",UN,17.99,0.0,STONE DIAMOND TO,FERRAMENTAS,201_DISCO_DE_CORTE_DIAMANTADO_100X20MM_GREEN_MARCA SD.jpg,SIM
577,DISCO DE CORTE DIAMANTADO 100X2,"90,000",UN,9.9,0.0,STONE DIAMOND TO,FERRAMENTAS,577_DISCO_DE_CORTE DIAMANTADO_100X22_23X8MM_SEGMENTADO_STANDART.jpeg,SIM
576,DISCO DE CORTE DIAMANTADO 100X2,"87,000",UN,9.9,0.0,STONE DIAMOND TO,FERRAMENTAS,576_DISCO_DE_CORTE_DIAMANTADO_100X22.23X8MM_TURBO_STANDART.jpeg,SIM
574,DISCO DE CORTE DIAMANTADO 110X2,"90,000",UN,9.9,0.0,STONE DIAMOND TO,FERRAMENTAS,574_DISCO_DE_CORTE_DIAMANTADO_100X22_23X8MM_TURBO_STANDART.jpeg,SIM
195,DISCO DE CORTE DIAMANTADO 110X8,"31,000",UN,8.9,0.0,STONE DIAMOND TO,FERRAMENTAS,195_DISCO_DE_CORTE_DIAMANTADO_110X8MM_CONTINUO_LISO_ECCO.jpeg,SIM
196,DISCO DE CORTE DIAMANTADO 110X8,"101,000",UN,8.9,0.0,STONE DIAMOND TO,FERRAMENTAS,196_DISCO_DE_CORTE_DIAMANTADO_110X8MM_SEGMENTADO_ECCO.jpeg,SIM
202,DISCO DE CORTE DIAMANTADO 110X8,"117,000",UN,8.9,0.0,STONE DIAMOND TO,FERRAMENTAS,202_DISCO_DE_CORTE_DIAMANTADO_110X8MM_TURBO_ECCO.jpeg,SIM
515,DISCO DE CORTE DIAMANTADO PORCE,"10,000",UN,18.59,0.0,KL VITORIA - COM. D,FERRAMENTAS,,SIM
421,DISCO DE CORTE DIAMANTADO PORCE,"10,000",UN,0.0,0.0,KL VITORIA - COM. D,FERRAMENTAS,,SIM
344,DISCO DE FERRO ACO INOX CORTE RAP,"0,000",UN,6.99,0.0,DIAMETALIC FERRA,FERRAMENTAS,344_DISCO_DE_FERRO_ACO_INOX_CORTE_RAPIDO_7X1_16X7_8.jpg,SIM
525,DISCO DE LIXA 125MM GR.80,"143,000",PC,1.2,0.0,KL VITORIA - COM. D,FERRAMENTAS,525_DISCO_DE_LIXA_125MM_GR_80.jpeg,SIM
529,"DISCO DE LIXA VELCRO 125 X 22MM ,G","143,000",PC,1.02,0.0,KL VITORIA - COM. D,FERRAMENTAS,529_DISCO_DE_LIXA_VELCRO_125 X 22MM_GR_220.jpeg,SIM
524,"DISCO DE LIXA VELCRO 125MM,GR 060","143,000",UN,1.42,0.0,KL VITORIA - COM. D,FERRAMENTAS,524_DISCO_DE_LIXA_VELCRO_125MM_GR_060.jpeg,SIM
523,"DISCO DE LIXA VELCRO 125MM,GR.040","143,000",PC,1.4,0.0,KL VITORIA - COM. D,FERRAMENTAS,523_DISCO_DE_LIXA_VELCRO_125MM_GR_040.jpeg,SIM
527,"DISCO DE LIXA VELCRO 125MM,GR.120","145,000",PC,1.3,0.0,KL VITORIA - COM. D,FERRAMENTAS,527_DISCO_DE_LIXA_VELCRO_125MM_GR_120.jpeg,SIM
528,"DISCO DE LIXA VELCRO 125MM,GR.150","143,000",PC,1.36,0.0,KL VITORIA - COM. D,FERRAMENTAS,528_DISCO_DE_LIXA_VELCRO_125MM_GR_150.jpeg,SIM
526,"DISCO DE LIXA VELCRO,GR.100","145,000",PC,1.36,0.0,KL VITORIA - COM. D,FERRAMENTAS,526_DISCO_DE_LIXA_VELCRO_GR_100.jpeg,SIM
315,"DISCO DE SERRA CIRCULAR, P/ MADEIR","-119,000",UN,5.55,0.0,SETE MARES COMER,FERRAMENTAS,,SIM
573,DISCO DIAMANTADO 110X15MM ELETR,"100,000",UN,16.0,0.0,STONE DIAMOND TO,FERRAMENTAS,573_DISCO_DIAMANTADO_110X15MM_ELETROLITICO_GREEN.jpeg,SIM
571,DISCO DIAMANTADO 110X20X1.2X10,"100,000",UN,20.0,0.0,STONE DIAMOND TO,FERRAMENTAS,,SIM
199,DISCO DIAMANTADO 110X20X1.2X10,"37,000",UN,17.99,0.0,STONE DIAMOND TO,FERRAMENTAS,199_DISCO DIAMANTADO_110X20X1_2X10MM_TURBO_FINO.jpg,SIM
232,DISCO DIAMETALIC PORCELANATO FU,"4,000",UN,22.89,0.0,DIAMETALIC FERRA,ELETRICA,232_DISCO_DIAMETALIC_PORCELANATO_FURO_22_23MM.png,SIM
233,DISCO ESMERILHADEIRA TURBO FURO,"-2,000",UN,14.28,0.0,DIAMETALIC FERRA,FERRAMENTAS,233_DISCO_ESMERILHADEIRA_TURBO_FURO_22_23MM.png,SIM
162,"DISCO FLASH INOX 114,3X1,0X22,2MM","411,000",UN,1.65,0.0,STARTOOLS FERRA,FERRAMENTAS,"162_DISCO FLASH INOX 114_3X1,0X22_2MM.png",SIM
243,DRYWALL FORRO CABECA PHILIPS FL,"59,000",CT,72.32,0.0,KL VITORIA - COM. D,FERRAMENTAS,243_DRYWALL_FORRO_CABECA_PHILIPS_FLANGEADA_PONTA_AGULHA _4_2X19.jpg,SIM
244,DRYWALL FORRO CABECA PHILIPS FL,"0,000",CT,60.56,0.0,KL VITORIA - COM. D,FERRAMENTAS,244_DRYWALL_FORRO_CABECA_PHILIPS_FLANGEADA_PONTA_AGULHA_4_2X25.png,SIM
402,"ELASTICO EXTENSOR 1,5M X 8MM","129,000",UN,5.16,0.0,SETE MARES COMER,UTILIDADES,402_ELASTICO_EXTENSOR_1_5M X 8MM.jpeg,SIM
497,"ELASTICO EXTENSOR 1,8 X 8MM","84,000",UN,5.4,0.0,,UTILIDADES,"497_ELASTICO_EXTENSOR_1,8 X 8MM.jpeg",SIM
271,"ESPATULA CABO DE MADEIRA 3 , MAR","174,000",UN,6.42,0.0,KL VITORIA - COM. D,FERRAMENTAS,271_ESPATULA_CABO_DE_MADEIRA 3_MARCA_ELITE.jpg,SIM
103,ESPATULA CABO DE MADEIRA ELITE 2,"193,000",UN,6.1,0.0,KL VITORIA - COM. D,FERRAMENTAS,103_ESPATULA_CABO_DE_MADEIRA_ELITE 2_5.jpg,SIM
104,ESPATULA CABO DE MADEIRA ELITE 4,"191,000",UN,6.74,0.0,KL VITORIA - COM. D,FERRAMENTAS,104_ESPATULA_CABO_DE_MADEIRA_ELITE_4.jpg,SIM
105,ESPATULA CABO DE MADEIRA ELITE 5,"202,000",UN,7.79,0.0,KL VITORIA - COM. D,FERRAMENTAS,105_ESPATULA CABO DE MADEIRA ELITE 5.jpg,SIM
218,ESPATULA COM CABO EMBORRACHAD,"201,000",UN,6.6,0.0,SETE MARES COMER,FERRAMENTAS,218_ESPATULA_COM_CABO_EMBORRACHADO_NAVY_3.jpg,SIM
376,"ESQUADRO DE METAL, P/ CONSTRUCA","109,000",UN,11.99,0.0,SETE MARES COMER,FERRAMENTAS,376_ESQUADRO_DE_METAL_ P_CONSTRUCAO_CIVIL.jpg,SIM
401,ESQUINCHO MANGUEIRA,"112,000",UN,9.99,0.0,SETE MARES COMER,HIDRAULICA,401_ESQUINCHO_MANGUEIRA.jpeg,SIM
75,"ESTILETE 18MM, MARCA ELITE","79,000",UN,4.9,0.0,KL VITORIA - COM. D,FERRAMENTAS,75_ESTILETE_18MM_MARCA_ELITE.jpg,SIM
76,ESTILETE PROFISSIONAL 18MM ELITE,"40,000",UN,7.07,0.0,KL VITORIA - COM. D,FERRAMENTAS,,SIM
560,ETIQUETA P/ETIQUETADORA 50,"100,000",UN,13.1,0.0,SETE MARES COMER,UTILIDADES,560_ETIQUETA_P_ETIQUETADORA_50.jpeg,SIM
220,EXTENSAO 2P+T 02MT PRETA SAQUIN,"12,000",UN,13.71,0.0,APLASTEC,ELETRICA,,SIM
222,EXTENSAO 2P+T 05MT PRETA-SAQUINH,"12,000",UN,23.33,0.0,APLASTEC,ELETRICA,,SIM
219,"EXTENSAO 2P+T 1,5 MT PRETO SAQUIN","12,000",UN,12.1,0.0,APLASTEC,ELETRICA,,SIM
223,EXTENSAO 2P+T 10MT PRETA,"-42,000",UN,39.56,0.0,,ELETRICA,223_EXTENSAO_2P+T_ 10MT_PRETA.jpg,SIM
221,EXTENSAO 2P+T03M PRETA-SAQUINH,"12,000",UN,15.99,0.0,APLASTEC,ELETRICA,,SIM
458,EXTENSAO ELETRICA 2M,"21,000",UN,15.43,0.0,APLASTEC,ELETRICA,,SIM
459,EXTENSAO ELETRICA 3M,"24,000",UN,19.03,0.0,APLASTEC,ELETRICA,,SIM
460,EXTENSAO ELETRICA DE 5M,"22,000",UN,26.21,0.0,APLASTEC,ELETRICA,,SIM
385,EXTENSAO QUADRUPLA 5M,"19,000",UN,26.36,0.0,LUSTER IND DE MAT,ELETRICA,,SIM
383,"EXTENSAO QUADRUPULA 1,5M","39,000",UN,15.6,0.0,LUSTER IND DE MAT,ELETRICA,,SIM
384,EXTENSAO QUADRUPULA 3M,"57,000",UN,17.85,0.0,LUSTER IND DE MAT,ELETRICA,,SIM
129,FECHADURA ANTI-FURTO COR PRETA,"8,000",UN,61.54,0.0,KL VITORIA - COM. D,ELETRICA,129_FECHADURA_ANTI-FURTO_COR PRETA_MARCA_ELITE.jpg,SIM
395,"FERRAMENTA FITA MANUAL, DE USO D","0,000",CX,0.0,0.0,,SEM GRUPO,,SIM
464,FILTRO DE LINHA COM FUSIVEL 3 TOMA,"4,000",UN,24.19,0.0,APLASTEC,ELETRICA,,SIM
462,FILTRO DE LINHA COM FUSIVEL 4 TOMA,"6,000",UN,25.33,0.0,APLASTEC,ELETRICA,,SIM
463,FILTRO DE LINHA COM FUSIVEL 5 TOMA,"10,000",UN,26.23,0.0,APLASTEC,ELETRICA,,SIM
461,FILTRO DE LINHA COM FUSíVEL COM 6,"10,000",UN,27.09,0.0,APLASTEC,ELETRICA,,SIM
377,FITA ADESIVA DUPLA FACE 2M X 25M,"248,000",UN,7.99,0.0,SETE MARES COMER,UTILIDADES,377_FITA_ADESIVA_DUPLA_FACE 2M X 25MM X1-MMM_VERDE.jpeg,SIM
317,"FITA ADESIVA, ANTIDERRAPANTE, DE F","-6,000",UN,15.92,0.0,SETE MARES COMER,UTILIDADES,,SIM
318,"FITA ADESIVA, ANTIDERRAPANTE, DE F","52,000",UN,17.82,0.0,SETE MARES COMER,UTILIDADES,318_FITA_ADESIVA_ANTIDERRAPANTE_DE_FIBRA_PLASTICA_D.jpg,SIM
378,"FITA ADESIVA, DUPLA FACE VERMELH","227,000",UN,7.99,0.0,SETE MARES COMER,UTILIDADES,378_FITA_ADESIVA_DUPLA_FACE VERMELHA_2CM_3M_1MM.jpeg,SIM
215,FITA FIXA- FACIL - 12 MM X 2 M,"1666,000",UN,4.56,0.0,APLASTEC,UTILIDADES,215_FITA_FIXA_FACIL_12 MM X 2 M.jpg,SIM
216,FITA FIXA- FACIL - 18 MM X 2 M,"2480,000",UN,6.14,0.0,APLASTEC,UTILIDADES,216_FITA FIXA_FACIL_8 MM X 2 M.jpg,SIM
357,FITA FIXTAPE BUTILICA 10CM X 5M X 1,"141,000",UN,32.05,0.0,KL VITORIA - COM. D,UTILIDADES,357_FITA_FIXTAPE_BUTILICA 10CM X 5M X 1.2MM_ANFIX.jpg,SIM
364,FITA FIXTAPE BUTILICA 5CMX5MX1.2M,"76,000",UN,17.22,0.0,KL VITORIA - COM. D,UTILIDADES,364_FITA_FIXTAPE_BUTILICA_5CMX5MX1.2MM_ANFIX.jpg,SIM
358,FITA FIXTAPE BUTILICA IMPERMEAVE,"87,000",UN,45.98,0.0,KL VITORIA - COM. D,UTILIDADES,358_FITA_FIXTAPE BUTILICA_IMPERMEAVEL_15CMX 5M X 1.2MM_ANFIX.jpg,SIM
423,FITA FIXTAPE BUTILICA IMPERMEAVE,"142,000",UN,79.94,0.0,KL VITORIA - COM. D,UTILIDADES,423_FITA_FIXTAPE_BUTILICA_IMPERMEAVEL_20CM X 5M X 1.2MM.jpeg,SIM
394,"FITA ISOLANTE 10MX17MMX0,15MM","403,000",UN,2.44,0.0,SETE MARES COMER,UTILIDADES,394_FITA ISOLANTE_10MX17MMX0_15MM.jpeg,SIM
63,FITA ISOLANTE 19 X 10M X 0.13M ISOLA,"144,000",UN,3.8,0.0,KL VITORIA - COM. D,UTILIDADES,63_FITA ISOLANTE_19 X 10M X 0_13M_ISOLAMENTO ELETRICO.png,SIM
74,FITA ISOLANTE 19 X 20M X 0.13M,"98,000",UN,5.5,0.0,KL VITORIA - COM. D,UTILIDADES,74_FITA ISOLANTE_19_20M_0.13M.png,SIM
348,FITA ISOLANTE 5M,"90,000",UN,1.46,0.0,SETE MARES COMER,UTILIDADES,348_FITA ISOLANTE_5M.jpg,SIM
505,FITA METRICA 7X24MM,"50,000",UN,14.98,0.0,SETE MARES COMER,UTILIDADES,,SIM
398,FITA VEDA ROSCA 18MMX10M,"14,000",UN,1.99,0.0,SETE MARES COMER,UTILIDADES,398_FITA_VEDA ROSCA_18MMX10M.jpeg,SIM
79,FOLHA DE LIXA D AGUA 230X280MM G,"50,000",UN,1.93,0.0,KL VITORIA - COM. D,HIDRAULICA,,NAO
80,FOLHA DE LIXA D AGUA 230X280MM G,"50,000",UN,1.6,0.0,KL VITORIA - COM. D,HIDRAULICA,,NAO
89,FOLHA DE LIXA D AGUA 230X280MM G,"0,000",UN,1.51,0.0,KL VITORIA - COM. D,HIDRAULICA,,NAO
81,FOLHA DE LIXA D AGUA 230X280MM G,"48,000",UN,1.51,0.0,KL VITORIA - COM. D,HIDRAULICA,,NAO
82,FOLHA DE LIXA D AGUA 230X280MM G,"50,000",UN,1.6,0.0,KL VITORIA - COM. D,HIDRAULICA,,NAO
90,FOLHA DE LIXA D AGUA 230X280MM G,"40,000",UN,1.51,0.0,KL VITORIA - COM. D,HIDRAULICA,,NAO
83,FOLHA DE LIXA D AGUA 230X280MM G,"50,000",UN,1.6,0.0,KL VITORIA - COM. D,HIDRAULICA,,NAO
84,FOLHA DE LIXA D AGUA 230X280MM G,"50,000",UN,1.51,0.0,KL VITORIA - COM. D,HIDRAULICA,,NAO
85,FOLHA DE LIXA D AGUA 230X280MM G,"50,000",UN,1.51,0.0,KL VITORIA - COM. D,HIDRAULICA,,NAO
86,FOLHA DE LIXA D AGUA 230X280MM G,"50,000",UN,1.68,0.0,KL VITORIA - COM. D,HIDRAULICA,,NAO
87,FOLHA DE LIXA D AGUA 230X280MM G,"50,000",UN,1.51,0.0,KL VITORIA - COM. D,HIDRAULICA,,NAO
88,FOLHA DE LIXA D AGUA 230X280MM G,"50,000",UN,1.51,0.0,KL VITORIA - COM. D,HIDRAULICA,,NAO
78,FOLHA DE LIXA D AGUA 230X280MM G,"50,000",UN,1.93,0.0,KL VITORIA - COM. D,HIDRAULICA,,SIM
96,FOLHA DE LIXA PARA FERRO 230X280,"50,000",UN,1.93,0.0,KL VITORIA - COM. D,HIDRAULICA,,NAO
97,FOLHA DE LIXA PARA FERRO 230X280,"50,000",UN,1.6,0.0,KL VITORIA - COM. D,HIDRAULICA,,NAO
98,FOLHA DE LIXA PARA FERRO 230X280,"50,000",UN,1.6,0.0,KL VITORIA - COM. D,HIDRAULICA,,NAO
99,FOLHA DE LIXA PARA FERRO 230X280,"50,000",UN,1.6,0.0,KL VITORIA - COM. D,HIDRAULICA,,NAO
100,FOLHA DE LIXA PARA FERRO 230X280,"-5,000",UN,1.6,0.0,KL VITORIA - COM. D,HIDRAULICA,,NAO
91,FOLHA DE LIXA PARA FERRO 230X280,"40,000",UN,2.38,0.0,KL VITORIA - COM. D,HIDRAULICA,,NAO
92,FOLHA DE LIXA PARA FERRO 230X280,"50,000",UN,2.27,0.0,KL VITORIA - COM. D,HIDRAULICA,,NAO
93,FOLHA DE LIXA PARA FERRO 230X280,"0,000",UN,2.27,0.0,KL VITORIA - COM. D,HIDRAULICA,,NAO
94,FOLHA DE LIXA PARA FERRO 230X280,"0,000",UN,2.03,0.0,KL VITORIA - COM. D,HIDRAULICA,,NAO
95,FOLHA DE LIXA PARA FERRO 230X280,"12,000",UN,2.25,0.0,KL VITORIA - COM. D,HIDRAULICA,,NAO
108,FORRO CABECA PHILIPS FLANGEADA C,"48,000",CT,82.18,0.0,KL VITORIA - COM. D,FERRAMENTAS,108_FORRO_CABECA_PHILIPS_FLANGEADA_COM_SERRILHA_PONTA_BROCA_4_2 X 13.jpg,SIM
109,FORRO CABECA PHILIPS FLANGEADA C,"12,000",CT,79.97,0.0,KL VITORIA - COM. D,FERRAMENTAS,109_FORRO_CABECA_PHILIPS FLANGEADA_COM_SERRILHA_PONTA_BROCA_4-2 X 16.jpg,SIM
110,FORRO CABECA PHILIPS FLANGEADA C,"16,000",CT,100.08,0.0,KL VITORIA - COM. D,FERRAMENTAS,110_FORRO_CABECA_PHILIPS_FLANGEADA_COM_SERRILHA_PONTABROCA 4_2 X 19.png,SIM
111,FORRO CABECA PHILIPS FLANGEADA C,"40,000",CT,76.93,0.0,KL VITORIA - COM. D,FERRAMENTAS,111_FORRO_CABECA_PHILIPS_FLANGEADA_COM-SERRILHA_PONTA_BROCA_4_2X 25.png,SIM
122,FORRO CABECA PHILIPS FLANGEADA P,"0,000",CT,67.95,0.0,KL VITORIA - COM. D,FERRAMENTAS,,SIM
112,FORRO CABECA PHILIPS FLANGEADA P,"12,000",CT,68.74,0.0,KL VITORIA - COM. D,FERRAMENTAS,112_FORRO_CABECA_PHILIPS_FLANGEADA_PONTA_BROCA 4_2 X 13.png,SIM
115,FORRO CABECA PHILIPS FLANGEADA P,"0,000",CT,77.95,0.0,KL VITORIA - COM. D,FERRAMENTAS,115_FORRO_CABECA_PHILIPS_FLANGEADA_PONTA_BROCA_4_2 X 25.png,SIM
117,FORRO CABECA PHILIPS FLANGEADA P,"27,000",CT,68.11,0.0,KL VITORIA - COM. D,FERRAMENTAS,117_FORRO_CABECA_PHILIPS_FLANGEADA_PONTA_BROCA_4_2 X 38.jpg,SIM
118,FORRO CABECA PHILIPS FLANGEADA P,"30,000",CT,86.96,0.0,KL VITORIA - COM. D,FERRAMENTAS,118_FORRO_CABECA_PHILIPS_FLANGEADA_PONTA_BROCA 4.2 X 45.jpg,SIM
120,FORRO CABECA PHILIPS FLANGEADA P,"0,000",CT,104.45,0.0,KL VITORIA - COM. D,FERRAMENTAS,120_FORRO_CABECA_PHILIPS FLANGEADA PONTA_ AGULHA_ 4_2 X 13.jpg,SIM
121,FORRO CABECA PHILIPS FLANGEADA P,"72,000",CX,9.2,0.0,CONTROLESIS TECN,FERRAMENTAS,121_FORRO_CABECA_PHILIPS_FLANGEADA_PONTA_ AGULHA 4_2 X 16.jpg,SIM
128,GESSO CABECA TROMBETA PHILIPS P,"8,000",CT,60.48,0.0,KL VITORIA - COM. D,FERRAMENTAS,128_GESSO_CABECA_TROMBETA_PHILIPS_PONTA_AGULHA_GN35_3_5 X 35.jpg,SIM
349,GRAMPOS PARA FIXACAO 10MM,"28,000",UN,3.68,0.0,SETE MARES COMER,UTILIDADES,349_GRAMPOS_PARA_FIXACAO_10MM.jpg,SIM
350,GRAMPOS PARA FIXACAO DE FIOS 6M,"39,000",UN,2.96,0.0,SETE MARES COMER,UTILIDADES,350_GRAMPOS_PARA_FIXACAO_DE_FIOS_6MM.png,SIM
351,GRAMPOS PARA FIXACAO DE FIOS 8M,"66,000",PC,3.32,0.0,SETE MARES COMER,UTILIDADES,351_GRAMPOS_PARA_FIXACAO_DE_FIOS_8MM.jpg,SIM
49,"JOGO CHAVE COMBINADA C/8PCS 8,9","6,000",UN,38.28,0.0,STARTOOLS FERRA,FERRAMENTAS,"49_JOGO_CHAVE_COMBINADA_8PCS 8,9,10,11,13,14,17,19MM (STARTOOLS).jpeg",SIM
51,"JOGO CHAVE FIXA 6X7,8X9,10X11,12X","3,000",UN,37.66,0.0,STARTOOLS FERRA,FERRAMENTAS,51_ JOGO_CHAVE_FIXA_6X7_8X9_10X11_12X13_14X15_16X17_18X19_20X22MM_STARTOOLS.jpg,SIM
50,"JOGO CHAVE FIXA 6X7,8X9,10X11,12X","1,000",UN,21.44,0.0,STARTOOLS FERRA,FERRAMENTAS,50_JOGO_CHAVE_FIXA_6X7_8X9_10X11_12X13_14X15_16X17MM _STARTOOLS.jpg,SIM
557,JOGO DE BITS MAGNETICO PONTEIRA p,"233,000",UN,29.84,0.0,SETE MARES COMER,FERRAMENTAS,557_JOGO_DE_BITS_MAGNETICO_PONTEIRA_philips.jpeg,SIM
561,JOGO DE BITS METALICOS 100MM,"235,000",UN,33.34,0.0,SETE MARES COMER,FERRAMENTAS,561_JOGO_DE_BITS_METALICOS_100MM.jpeg,SIM
382,JOGO DE BROCAS CHATAS PARA MADEI,"71,000",UN,24.99,0.0,SETE MARES COMER,FERRAMENTAS,382_JOGO_DE_BROCAS_CHATAS_PARA_MADEIRA_101216182025 MM.jpg,SIM
345,"KIT TERMINAL ELETRICO,280 PCS","92,000",UN,30.9,0.0,SETE MARES COMER,ELETRICA,345_KIT _TERMINAL_ELETRICO_280 PCS.png,SIM
106,LAMINA PARA ARCO DE SERRA 12 24,"96,000",UN,5.5,0.0,KL VITORIA - COM. D,FERRAMENTAS,106_LAMINA_PARA_ARCO_DE_SERRA_12 _24D_MARCA ELITE.jpg,SIM
374,LANCAS PROTETORAS PARA MURO MT,"1,000",UN,8.9,0.0,AKL COM ELETRICA,FERRAMENTAS,,SIM
213,LORENZETTI RESISTENCIA ULTRA BEL,"-168,000",PC,39.95,0.0,KONECTA,ELETRICA,,SIM
316,"MAQUINA ETIQUETADORA MANUAL, D","50,000",UN,30.92,0.0,SETE MARES COMER,UTILIDADES,316_MAQUINA_ETIQUETADORA_MANUAL_DE_PLASTICO.jpg,SIM
379,MARTELO CABO EMBORRACHADO 2,"92,000",UN,19.99,0.0,SETE MARES COMER,FERRAMENTAS,379_MARTELO_CABO_EMBORRACHADO_250G.jpeg,SIM
418,MARTELO CABO DE MADEIRA 27MM,"16,000",UN,18.84,0.0,KL VITORIA - COM. D,FERRAMENTAS,,SIM
380,MARTELO CABO EMBORRACHADO 50,"27,000",UN,29.76,0.0,SETE MARES COMER,FERRAMENTAS,380_MARTELO_CABO_EMBORRACHADO_500G.jpeg,SIM
212,MAX BRAND LAMINA DE BARBEAR,"227,000",UN,6.74,0.0,,UTILIDADES,,SIM
566,MINI MARTELO DE METAL CABO EMBOR,"118,000",UN,16.02,0.0,SETE MARES COMER,FERRAMENTAS,566_MINI_MARTELO_DE_METAL_CABO_EMBORRACHADO.jpeg,SIM
567,MISTURADOR DE TINTA 400X80,"98,000",UN,12.83,0.0,SETE MARES COMER,FERRAMENTAS,567_MISTURADOR_DE_TINTA_400X80.jpeg,SIM
502,MISTURADOR DE TINTA DE METAL,"100,000",UN,14.99,0.0,SETE MARES COMER,UTILIDADES,502_MISTURADOR_DE_TINTA_DE_META.jpeg,SIM
321,NIVEL P/ USO EM CONSTRUCAO CIVIL 4,"26,000",UN,20.52,0.0,SETE MARES COMER,FERRAMENTAS,321_NIVEL_USO_EM_CONSTRUCAO_CIVIL_40CM.jpg,SIM
322,NIVEL P/ USO EM CONSTRUCAO CIVIL 5,"41,000",UN,23.48,0.0,SETE MARES COMER,FERRAMENTAS,322_NIVEL_P_USO_EM_CONSTRUCAO_CIVIL_50CM.jpg,SIM
126,PARAF AUTO BROCANTE ARRUELA MO,"4,000",CX,76.61,0.0,KL VITORIA - COM. D,FERRAMENTAS,126_PARAF_AUTO_BROCANTE_ARRUELA_MOVEL_BW 0 12 X 1 (5.5 X 25) ZINCADO.jpg,SIM
414,PARAF AUTO BROCANTE CABECA CHA,"50,000",CT,57.92,0.0,KL VITORIA - COM. D,FERRAMENTAS,414_PARAF_AUTO_BROCANTE_CABECA_CHATA_PHILIPS 4_8X38.jpeg,SIM
114,PARAF FORRO CABECA PHILIPS FLAN,"0,000",CT,67.95,0.0,KL VITORIA - COM. D,FERRAMENTAS,,SIM
356,"PARAF TELHEIRO 5/16 X 110M, ZINCAD","7,000",CX,70.4,0.0,KL VITORIA - COM. D,FERRAMENTAS,356_PARAF_TELHEIRO_5_16 X 110M_ZINCADO ANFIX.jpg,SIM
174,PARAF (ANFIX) GESSO CABECA TROMBE,"100,000",UN,0.0,0.0,LUSTER IND DE MAT,ELETRICA,,SIM
127,PARAF (ANFIX) GESSO CABECA TROMBE,"-5,000",CX,33.44,0.0,KL VITORIA - COM. D,FERRAMENTAS,,SIM
119,PARAF (ANFIX) STEEL FRAME CABECA P,"17,000",CT,95.76,0.0,KL VITORIA - COM. D,FERRAMENTAS,119_PARAF_STEEL_FRAME_CABECA_PHILIPS_FLANGEADA_PONTA_BROCA 4_8X19.jpg,SIM
415,PARAF AUTO BROCANTE ARRUELA 12,"0,000",CT,78.46,0.0,KL VITORIA - COM. D,FERRAMENTAS,,SIM
417,PARAF AUTO BROCANTE ARRUELA MO,"15,000",CT,72.82,0.0,,FERRAMENTAS,,SIM
353,PARAF AUTO BROCANTE ARRUELA MO,"6,000",CT,83.33,0.0,KL VITORIA - COM. D,FERRAMENTAS,353_PARAF_AUTO_BROCANTE_ARRUELA_MOVEL.jpg,SIM
416,PARAF AUTO BROCANTE COSTURA AR,"4,000",CT,110.72,0.0,KL VITORIA - COM. D,FERRAMENTAS,,SIM
422,PARAF AUTO BROCANTE PLACA CIME,"10,000",CT,23.36,0.0,KL VITORIA-COM.D,FERRAMENTAS,,SIM
440,PARAF AUTO PERFURANTE BICROMAT,"15,000",CT,104.5,0.0,KL VITORIA - COM. D,FERRAMENTAS,,SIM
326,PARAF AUTO PERFURANTE STEEL TILE,"10,000",CT,95.47,0.0,,FERRAMENTAS,326_PARAF_AUTO_PERFURANTE_STEEL_TILE_RUSPERT 12 - 14 - 15 X 2.3_4  5.5 X 70.jpeg,SIM
329,PARAF AUTO PERFURANTE STEEL TILE,"5,000",CT,112.0,0.0,KL VITORIA - COM. D,FERRAMENTAS,329_PARAF_AUTO PERFURANTE_STEEL_TILE_IN_WOOD_RUSPERT_12_14_15 X 5 5_5 X 127.jpg,SIM
241,PARAF DRAYWALL FORRO CABECA PH,"48,000",CT,75.65,0.0,KL VITORIA - COM. D,FERRAMENTAS,,SIM
494,PARAF DRYWALL FORRO CABECA PHI,"56,000",CT,34.86,0.0,,FERRAMENTAS,,SIM
335,PARAF DRYWALL FORRO CABECA PHI,"24,000",CT,53.64,0.0,KL VITORIA - COM. D,FERRAMENTAS,335_PARAF_DRYWALL_FORRO_CABECA_PHILIPS_FLANGEADA_PONTA_BROCA 4.2 X 19.jpg,SIM
492,PARAF DRYWALL FORRO CABECA PHI,"42,000",CT,76.72,0.0,,FERRAMENTAS,,SIM
484,PARAFUSO CHIP 4.0 X 40 CHATA -ROSC,"210,000",CT,8.91,0.0,,FERRAMENTAS,484_PARAFUSO_CHIP_4.0 X 40_CHATA_ROSCA_PARCIAL_1_CENTO.jpeg,SIM
488,PARAFUSO CHIP 4.0 X 50 CHATA PHS -,"498,000",CT,13.14,0.0,,FERRAMENTAS,488_PARAFUSO_CHIP_4.0 X 50_CHATA _PHS_ROSCA_PARCIAL_1_CENTO.jpeg,SIM
483,PARAFUSO CHIP 5.0 X 30 CHATA -ROSC,"746,000",CT,8.28,0.0,,FERRAMENTAS,483_PARAFUSO_CHIP_5.0 X 30_CHATA_ROSCA_PARCIAL_1_CENTO.jpeg,SIM
485,PARAFUSO CHIP 5.0 X 40 CHATA -ROSC,"390,000",CT,10.8,0.0,,FERRAMENTAS,485_PARAFUSO_CHIP 5.0 X 40_CHATA_ROSCA_PARCIAL_1_CENTO.jpg,SIM
486,PARAFUSO CHIP 5.0 X 50 CHATA -ROSC,"456,000",CT,13.12,0.0,,FERRAMENTAS,486_PARAFUSO_CHIP_5.0 X 50_CHATA_ROSCA_PARCIAL_1_CENTO.webp,SIM
489,PARAFUSO CHIP 5.0 X 70 CHATA -ROSC,"500,000",CT,14.37,0.0,,FERRAMENTAS,489_PARAFUSO_CHIP_5.0 X 70 CHATA_ROSCA PARCIAL_1_CENTO.jpg,SIM
487,PARAFUSO CHIP 6.0 X 50 CHATA PHS -,"322,000",CT,14.9,0.0,,FERRAMENTAS,487_PARAFUSO_CHIP 6.0 X 50_CHATA_PHS_ROSCA_PARCIAL_1 CENTO.jpg,SIM
490,PARAFUSO CHIP 6.0 X 60 CHATA -ROSC,"500,000",CT,18.34,0.0,,FERRAMENTAS,490_PARAFUSO_CHIP 6.0 X 60_CHATA_ROSCA_PARCIAL_1_CENTO.jpeg,SIM
491,PARAFUSO CHIP 6.0 X 70 CHATA PHS -,"500,000",CT,21.22,0.0,,FERRAMENTAS,491_PARAFUSO_CHIP_6.0 X 70_CHATA_PHS_ROSCA PARCIAL_1_CENTO.jpeg,SIM
507,PINCEL 38MM,"384,000",UN,3.28,0.0,SETE MARES COMER,UTILIDADES,507_PINCEL_38MM.jpeg,SIM
506,PINCEL 50MM,"378,000",UN,4.18,0.0,SETE MARES COMER,UTILIDADES,506_PINCEL_50MM.jpeg,SIM
508,PINCEL 63MM,"348,000",UN,5.18,0.0,SETE MARES COMER,UTILIDADES,508_PINCEL_63MM.jpeg,SIM
509,PINCEL 75MM,"343,000",UN,6.08,0.0,SETE MARES COMER,UTILIDADES,509_PINCEL_75MM.jpeg,SIM
258,PLUG BIG 10A 2P+T BRANCO A GRANE,"-18,000",UN,3.12,0.0,,ELETRICA,258_PLUG_BIG_10A 2P+T_ BRANCO_A_GRANEL.jpg,SIM
248,PLUG BIG 10A 2P+T PRETO A GRANEL,"30,000",UN,3.12,0.0,,ELETRICA,248_PLUG_BIG_10A 2P+T_PRETO_A_GRANEL.jpg,SIM
165,PLUG BOB LATONADO,"-23,000",UN,1.9,0.0,CONTROLESIS TECN,ELETRICA,165_PLUG_BOB_LATONADO.png,SIM
207,PLUG MACHO PRETO,"-43,000",UN,2.61,0.0,LUSTER IND DE MAT,ELETRICA,207_PLUG_MACHO_PRETO.jpg,SIM
250,PLUGUE BIG 90 20A 2P BR A GRANEL,"26,000",UN,4.96,0.0,,ELETRICA,250_PLUGUE_BIG_90_20A_2P_BR_A _RANEL.jpg,SIM
256,PLUGUE BIG 90 20A 2P PR A GRANEL,"44,000",UN,4.78,0.0,,ELETRICA,256_PLUGUE_BIG_ 90 20A 2P_PR_A GRANEL.jpg,SIM
251,PLUGUE BIG 90 20A 2P+T BR A GRANEL,"-11,000",UN,6.82,0.0,,ELETRICA,251_PLUGUE_BIG_90_20A_2P+T BR_ A_GRANEL.jpg,SIM
257,PLUGUE BIG 90 20A 2P+T PR GRANEL,"48,000",UN,6.64,0.0,,ELETRICA,257_PLUGUE_BIG 90 20A 2P+T PR_GRANEL.jpg,SIM
480,PLUGUE DESMONTAVEL PINO MACHO 2,"100,000",UN,3.1,0.0,APLASTEC,ELETRICA,,SIM
481,PLUGUE DESMONTAVEL PINO MACHO 2,"100,000",UN,2.61,0.0,APLASTEC,ELETRICA,,SIM
478,PLUGUE DESMONTAVEL PINO MACHO 2,"100,000",UN,4.99,0.0,ALVARENGA COME,ELETRICA,,SIM
477,PLUGUE DESMONTAVELPINO MACHO 2,"100,000",UN,6.28,0.0,APLASTEC,ELETRICA,,SIM
153,PLUGUE MACHO,"120,000",UN,2.61,0.0,LUSTER IND DE MAT,ELETRICA,153_PLUGUE_MACHO.jpg,SIM
336,PLUGUE MACHO - BCON,"141,000",UN,3.99,0.0,LUSTER IND DE MAT,ELETRICA,336_PLUGUE_MACHO_BCON.jpg,SIM
337,PLUGUE MACHO 2P+T 20A,"34,000",UN,3.98,0.0,LUSTER IND DE MAT,ELETRICA,337_PLUGUE MACHO_2P+T_20A.jpg,SIM
77,"PONTA BIT PHILIPS PH2 50MM, MARCA E","0,000",UN,1.82,0.0,KL VITORIA - COM. D,FERRAMENTAS,,SIM
419,PONTA BIT PHILLIPS 25MM,"-60,000",UN,1.72,0.0,KL VITORIA - COM. D,FERRAMENTAS,,SIM
239,PONTEIRA PHILIPS PH2 65MM MAGNET,"50,000",UN,2.5,0.0,KL VITORIA - COM. D,FERRAMENTAS,239_PONTEIRA_PHILIPS_PH2_65MM_MAGNETICA.jpg,SIM
277,PONTEIRA PHILIPS PH2 100MM MAGNET,"290,000",UN,2.29,0.0,KL VITORIA - COM. D,FERRAMENTAS,277_PONTEIRA_PHILIPS_PH2_100MM_MAGNETICO_MARCA_ELITE.png,SIM
276,PONTEIRA PHILIPS PH2 50 MM MAGNET,"120,000",PC,2.62,0.0,KL VITORIA - COM. D,FERRAMENTAS,276_PONTEIRA_PHILIPS_PH2_50_MM_MAGNETICO.png,SIM
234,PONTEIRO SDS 14X250MM,"3,000",UN,12.62,0.0,KL VITORIA-COM.D,FERRAMENTAS,234_PONTEIRO_SDS_14X250MM.jpeg,SIM
365,PREGO DE ACO COM CABECA 15X15M,"90,000",PC,4.94,0.0,KL VITORIA - COM. D,FERRAMENTAS,365_PREGO_DE_ACO_COM_CABECA_15X15MM_ANFIX.jpg,SIM
496,PRENDEDOR DE CARGA,"18,000",UN,24.99,0.0,,FERRAMENTAS,496_PRENDEDOR_DE_CARGA.jpeg,SIM
254,PROTETOR ELETRONICO 4 SAIDAS,"13,000",UN,23.28,0.0,,ELETRICA,254_PROTETOR_ELETRONICO_4_SAIDAS.jpeg,SIM
255,PROTETOR ELETRONICO 6 SAIDAS,"9,000",UN,25.66,0.0,,ELETRICA,255_PROTETOR_ELETRONICO_6 SAIDAS.jpeg,SIM
532,PULSEIRA MAGNETICA,"30,000",PC,38.13,0.0,KL VITORIA - COM. D,UTILIDADES,532_PULSEIRA_MAGNETICA.jpeg,SIM
579,RALO 9 3/4 INOX,"509,000",UN,2.15,0.0,,UTILIDADES,579_RALO 9 3_4 INOX.jpeg,SIM
452,RALO DE INOX PARA PIA 5CM,"216,000",UN,3.1,0.0,SETE MARES COMER,UTILIDADES,452_RALO_DE_INOX_PARA_PIA_5CM.jpeg,SIM
568,REBITADEIRA 9,"80,000",UN,22.5,0.0,SETE MARES COMER,FERRAMENTAS,568_REBITADEIRA 9.jpeg,SIM
562,REF 20005 JOGO DE CHAVES ALLEN HE,"58,000",UN,14.22,0.0,SETE MARES COMER,FERRAMENTAS,562_REF _20005_JOGO_DE_CHAVES_ALLEN_HEXAGONAL 1_5-2-2_5-3-4-5-6-8_10MM.jpeg,SIM
565,REF 20007 JOGO DE CHAVES CURTA,"70,000",UN,14.18,0.0,SETE MARES COMER,FERRAMENTAS,565_REF_20007_JOGO_DE_CHAVES_CURTA.jpeg,SIM
559,REF 50364 CHAVE PHILLIPS 3-16X4,"234,000",UN,6.7,0.0,SETE MARES COMER,FERRAMENTAS,559_REF _50364_CHAVE_PHILLIPS_3_16X4.jpeg,SIM
59,REF 10515 NIVEL P/ USO EM CONSTRUCA,"19,000",UN,11.2,0.0,SETE MARES COMER,FERRAMENTAS,59_REF_10515 NIVEL_USO_EM_CONSTRUCAO_CIVIL_30CM _NAVY.png,SIM
60,REF 10516 NIVEL P/ USO EM CONSTRUCA,"27,000",UN,12.64,0.0,SETE MARES COMER,FERRAMENTAS,60_REF_10516_NIVEL_P_USO_EM_CONSTRUCAO_CIVIL_40CM_NAVY.png,SIM
178,"REF 10525 CHAVE UNIVERSAL, MANUAL","113,000",UN,14.81,0.0,SETE MARES COMER,FERRAMENTAS,,SIM
57,REF 10613 TRENA 7 METRA-NAVY,"51,000",UN,16.42,0.0,SETE MARES COMER,FERRAMENTAS,57_REF 10613_TRENA_7_METRA_NAVY.jpg,SIM
191,REF 16021 TRENA METRICA 5M 5X25 M,"78,000",UN,10.8,0.0,SETE MARES COMER,FERRAMENTAS,191_REF_16021_TRENA_METRICA_5M_5X25_MM_EMBORRACHADA.jpg,SIM
58,REF 40037 FITA VEDA ROSCA 18X5M,"1436,000",UN,1.74,0.0,SETE MARES COMER,UTILIDADES,58_REF 40037_FITA_VEDA_ROSCA_18X5M.jpg,SIM
189,REF 50305 ROLO DE PLASTICO P/ PINTUR,"68,000",UN,8.34,0.0,SETE MARES COMER,UTILIDADES,189_REF 50305_ROLO_DE_PLASTICO_PINTURA.jpg,SIM
187,REF 50306 ROLO DE PLASTICO P/ PINTUR,"308,000",UN,4.96,0.0,SETE MARES COMER,UTILIDADES,187_REF 50306_ROLO_DE_PLASTICO_P_PINTURA_4_10CM.png,SIM
177,REF 50309 ALICATE DESENCAPADOR/CRIM,"9,000",UN,42.9,0.0,SETE MARES COMER,FERRAMENTAS,177_REF 50309_ALICATE_DESENCAPADOR_CRIMPADOR_DE_FIOS_AUTOMATICO.jpg,SIM
185,"REF 50326 LUVA DE PLASTICO (PU), P/ L","176,000",UN,4.36,0.0,SETE MARES COMER,UTILIDADES,185_REF_50326 LUVA_DE_PLASTICO_P_LIMPEZA_DE_USO_DOMESTICO.jpg,SIM
186,"REF 50334 LUVA DE PLASTICO (PU), P/ L","252,000",UN,4.36,0.0,SETE MARES COMER,UTILIDADES,186_REF 50334 _LUVA_DE_PLASTICO_PU_ P_LIMPEZA_DE_USO_DOMESTICO.jpg,SIM
190,REF 50341 ROLO DE PLASTICO P/ PINTUR,"-63,000",UN,12.99,0.0,SETE MARES COMER,UTILIDADES,190_REF_50341_ROLO_DE_PLASTICO_P_PINTURA_23CM.png,SIM
210,REF 5039 KIT TERMINAL ELETRICO,"91,000",CX,26.54,0.0,SETE MARES COMER,ELETRICA,210_REF 5039_KIT_TERMINAL_ELETRICO.jpg,SIM
188,REF 50504 LUVA DE MALHA DE PLASTIC,"128,000",UN,4.44,0.0,SETE MARES COMER,UTILIDADES,188_REF_50504_LUVA_DE_MALHA_DE_PLASTICO.jpg,SIM
194,REF 50537 KIT TERMINAL DE ANEL ISO,"92,000",CX,15.44,0.0,SETE MARES COMER,ELETRICA,194_REF 50537_KIT TERMINAL_DE_ANEL_ISOLADO.jpg,SIM
180,REF 50540 KIT TERMINAL TUBULAR EL,"44,000",CX,33.52,0.0,SETE MARES COMER,ELETRICA,180_REF50540_KIT_TERMINAL_TUBULA_ELETRICO.jpg,SIM
183,REF 50541 KIT TERMINAL ELETRICO OL,"194,000",CX,20.42,0.0,SETE MARES COMER,ELETRICA,183_REF50541_KIT_TERMINAL_ELETRICO_OLHAL_NAO_ISOLADO.jpg,SIM
181,REF 50542 KIT TERMINAL ELETRICO TI,"197,000",CX,20.42,0.0,SETE MARES COMER,ELETRICA,181_REF50542_KIT_TERMINAL_ELETRICO_TIPO_GARFO.jpg,SIM
447,REF 5055 CHAVE DE BIELA DE ABERTUR,"64,000",UN,13.94,0.0,SETE MARES COMER,FERRAMENTAS,,SIM
347,REF 88005 CANETA TESTE DETECTORA D,"36,000",UN,13.08,0.0,SETE MARES COMER,ELETRICA,347_REF88005_CANETA_TESTE_DETECTORA_DE_CORRENTE_ELETRICA.jpg,SIM
179,REF 88051 CHAVE MANDRIL METAL,"90,000",UN,27.48,0.0,SETE MARES COMER,FERRAMENTAS,179_REF_88051_CHAVE_MANDRIL_METAL.jpg,SIM
564,REF20008 JOGO DE CHAVES TORX MEDI,"60,000",UN,16.6,0.0,SETE MARES COMER,FERRAMENTAS,564_REF20008_JOGO_DE_CHAVES_TORX_MEDIA.jpeg,SIM
563,REF20009 JOGO DE CHAVES TORX LONG,"58,000",UN,18.72,0.0,SETE MARES COMER,FERRAMENTAS,563_REF20009_JOGO_DE-CHAVES_TORX_ONGA.jpeg,SIM
55,REF50365 CHAVE PHILLIPS 1-4X4,"240,000",UN,6.84,0.0,SETE MARES COMER,FERRAMENTAS,55_REF50365 CHAVE_PHILLIPS_1_4X4.jpg,SIM
56,REF50366 CHAVE PHILLIPS 1-4X6,"291,000",UN,7.48,0.0,SETE MARES COMER,FERRAMENTAS,56_REF50366_CHAVE_PHILLIPS_1_4X6.jpg,SIM
182,REF50543 KIT TERMINAL ELETRICO OL,"201,000",CX,22.26,0.0,SETE MARES COMER,ELETRICA,182_REF50543_KIT_TERMINAL_ELETRICO_OLHAL_E_TIPO_GARFO.jpg,SIM
556,REF67016 BICO EXTENSOR DE TORNEIR,"111,000",UN,4.6,0.0,SETE MARES COMER,HIDRAULICA,556_REF67016_BICO_EXTENSOR_DE_TORNEIRA_FLEXIVEL.jpeg,SIM
569,REF90010 BICO EXTENSOR DE TORNEIR,"112,000",UN,4.4,0.0,SETE MARES COMER,HIDRAULICA,569_REF90010_BICO_EXTENSOR_DE_TORNEIRA.jpeg,SIM
151,RESISTENCIA DUCHA C 220V 4000W (L,"641,000",UN,2.89,0.0,LUSTER IND DE MAT,ELETRICA,151_RESISTENCIA_DUCHA_C_220V_4000W_LUSTER.jpg,SIM
172,RESISTENCIA DUCHA C 5400 W 220 V (,"918,000",UN,4.16,0.0,LUSTER IND DE MAT,ELETRICA,,SIM
152,RESISTENCIA DUCHA C 5400 W 220 V~,"29,000",UN,4.44,0.0,LUSTER IND DE MAT,ELETRICA,152_RESISTENCIA_DUCHA_C_5400W_220 V.png,SIM
67,RESISTENCIA HS ADVANCED 7500 W,"12,000",UN,20.32,0.0,TECNO CORTE,ELETRICA,67_RESISTENCIA_HS_ADVANCED_7500W.jpg,SIM
71,RESISTENCIA HS BELLA ULTRA / BELL,"14,000",UN,18.16,0.0,TECNO CORTE,ELETRICA,71_RESISTENCIA_HS_BELLA_ULTRA_BELLA_DUCHA_6800W.jpg,SIM
65,RESISTENCIA HS DUCHINHA SS 5200 W,"21,000",UN,9.96,0.0,TECNO CORTE,ELETRICA,65_RESISTENCIA_HS_DUCHINHA_SS_5200W.jpg,SIM
68,RESISTENCIA HS FAMINHO 4T 6800 W,"-62,000",UN,15.99,0.0,TECNO CORTE,ELETRICA,68_RESISTENCIA_HS_FAMINHO_4T_6800W.png,SIM
70,RESISTENCIA HS GORDUCHA 3T 5400 W,"21,000",UN,12.8,0.0,TECNO CORTE,ELETRICA,70_RESISTENCIA_HS_GORDUCHA_3T_5400W.png,SIM
66,RESISTENCIA HS GORDUCHA 4T 5800 W,"49,000",UN,12.99,0.0,TECNO CORTE,ELETRICA,66_RESISTENCIA_HS_GORDUCHA_4T_5800W.jpg,SIM
69,RESISTENCIA HS MAXI DUCHA 5500 W (,"101,000",UN,14.99,0.0,TECNO CORTE,ELETRICA,,SIM
203,RESISTENCIA L&AMP;C BELLA ULTRA 4,"15,000",UN,43.99,0.0,AKL COM ELETRICA,ELETRICA,203_RESISTENCIA_L&C_BELLA_ULTRA_4T_6800W_220V_3065E_LORIZETE.jpg,SIM
204,RESISTENCIA L&AMP;C BELLO/MAXI U,"-73,000",UN,29.28,0.0,AKL COM ELETRICA,ELETRICA,,SIM
343,RESISTENCIA LOREN SHOWER TIPO LO,"3,000",UN,21.61,0.0,DIAMETALIC FERRA,ELETRICA,343_RESISTENCIA_LOREN_SHOWER_TIPO_LORENZ_7500W_220V_35A.jpg,SIM
288,RESISTENCIA LOREN ULTRA 200V 7500,"76,000",UN,43.99,0.0,,ELETRICA,288_RESISTENCIA_LOREN_ULTRA_200V_7500W.jpg,SIM
266,RESISTENCIA TIPO F 3 TEMPERATURAS-5,"29,000",UN,18.84,0.0,,ELETRICA,266_RESISTENCIA_TIPO_F 3_TEMPERATURAS_5400W_220V_26A.jpg,SIM
342,RESISTENCIA TIPO F. VIDA LOG.4T (HS),"-140,000",UN,21.15,0.0,DIAMETALIC FERRA,ELETRICA,342_RESISTENCIA_TIPOF_VIDA_LOG.4T_H__6800W_220V_32A.jpg,SIM
158,RESISTENCIA TIPO F4 TEMPERATURA 6,"18,000",UN,21.99,0.0,TECNO CORTE,ELETRICA,158_RESISTENCIA_TIPO_F4_TEMPERATURA_6800W_220V_32A_HS.jpg,SIM
319,SERRA COPO DE METAL C/ 6 PCS,"-6,000",UN,8.9,0.0,SETE MARES COMER,FERRAMENTAS,,SIM
200,SERRA DE MADEIRA TUNGSTENIO 110,"76,000",UN,17.99,0.0,STONE DIAMOND TO,FERRAMENTAS,200_SERRA_DE_MADEIRA_TUNGSTENIO_110X20MM.png,SIM
572,SERRA DE TUNGSTENIO 110X20MM,"100,000",UN,16.0,0.0,STONE DIAMOND TO,FERRAMENTAS,,SIM
197,"SERRA WIDEA 4.3/8""X1.2X24D","208,000",UN,8.9,0.0,STONE DIAMOND TO,FERRAMENTAS,197_SERRA WIDEA 4.3_8.jpg,SIM
360,"SILICONE ACETICO INCOLOR, 26OG","12,000",UN,15.76,0.0,KL VITORIA - COM. D,UTILIDADES,,SIM
469,SOQUETE BAKELITE COM RABICHO,"28,000",UN,1.89,0.0,APLASTEC,ELETRICA,,SIM
260,SOQUETE PORCELANA A GRANEL,"64,000",UN,3.82,0.0,,ELETRICA,,SIM
259,SOQUETE PORTA LAMPADA A GRANEL,"37,000",UN,5.24,0.0,,ELETRICA,259_SOQUETE_PORTA_LAMPADA_A_GRANEL.png,SIM
147,SQ ABRACADEIRA ALEMA 19-25MM,"0,000",PC,96.0,0.0,SQ COMERCIO E DIS,UTILIDADES,147_SQ_ABRACADEIRA_ALEMA_19_25MM.jpg,SIM
139,"SQ ABRACADEIRA DE NYLON 3,6X150","142,000",UN,5.6,0.0,SQ COMERCIO E DIS,UTILIDADES,139_SQ_ABRACADEIRA_DE_NYLON_3_6X150MM_PRETA.jpg,SIM
10,"SQ ABRACADEIRA DE NYLON 4,8X200","5,000",UN,9.76,0.0,SQ COMERCIO E DIS,UTILIDADES,10_SQ_ABRACADEIRA_DE_NYLON_4_8X200MM_PRETA.jpg,SIM
142,SQ ABRACADEIRA DE NYLON 4.8X250,"9,000",UN,11.08,0.0,SQ COMERCIO E DIS,UTILIDADES,142_SQ_ABRACADEIRA-DE-NYLON_4_8X250MM.jpg,SIM
26,SQ ABRACADEIRA DE NYLON 4.8X280,"31,000",UN,13.96,0.0,SQ COMERCIO E DIS,UTILIDADES,26_SQ ABRACADEIRA_DE_NYLON_4_8X280MM_BRANCA.jpg,SIM
18,SQ ABRACADEIRA DE NYLON 7.2*300,"3,000",UN,26.12,0.0,SQ COMERCIO E DIS,UTILIDADES,18_SQ_ABRACADEIRA_DE_NYLON_7.2_300MM.jpg,SIM
17,SQ ABRACADEIRA EM METAL ALEMA 1,"0,000",PC,88.0,0.0,SQ COMERCIO E DIS,UTILIDADES,17_SQ_ABRACADEIRA_EM_METAL_ALEMA_13X19MM.jpg,SIM
28,SQ ABRACADEIRA EM METAL C/ BORBO,"989,000",PC,108.0,0.0,SETE MARES COMER,UTILIDADES,28_SQ_ABRACADEIRA_EM_METAL_C_BORBOLETA_ALEMA_13X19MM.jpg,SIM
29,SQ BOMBA DE AR DE PE DE ALUMINIO,"24,000",UN,27.0,0.0,SETE MARES COMER,UTILIDADES,29_SQ BOMBA_DE_AR_DE_PE_DE_ALUMINIO.jpg,SIM
138,SQ CHAVE PARA MANDRIL 10-13MM*7,"241,000",UN,3.16,0.0,SQ COMERCIO E DIS,FERRAMENTAS,138_SQ_CHAVE_PARA_MANDRIL_10_13MM_7_5CM.jpeg,SIM
135,SQ COLA PARA PEGAR ROEDORES,"192,000",UN,2.68,0.0,SQ COMERCIO E DIS,UTILIDADES,135_SQ COLA_PARA_PEGAR_ROEDORES.jpg,SIM
34,SQ FITA ADESIVA DUPLA FACE,"3,000",UN,7.99,0.0,SQ COMERCIO E DIS,UTILIDADES,,SIM
33,"SQ FITA ADESIVA DUPLA FACE 2MX1,8","1,000",UN,5.56,0.0,SQ COMERCIO E DIS,UTILIDADES,,SIM
4,SQ JOGO DE CHAVE HEXAGONAL,"111,000",UN,4.77,0.0,SQ COMERCIO E DIS,FERRAMENTAS,4_SQ_JOGO_DE_CHAVE_HEXAGONAL.jpg,SIM
5,SQ JOGO DE CHAVE HEXAGONAL C/ 8,"91,000",UN,5.56,0.0,SQ COMERCIO E DIS,FERRAMENTAS,5_SQ_JOGO_DE_CHAVE_HEXAGONAL.jpg,SIM
25,SQ MACARICO A GAS RECARREGAVEL,"24,000",UN,23.72,0.0,SQ COMERCIO E DIS,FERRAMENTAS,25_SQ_MACARICO_A_GAS_RECARREGAVEL.jpg,SIM
137,SQ MULTIMETRO DIGITAL COM BIP,"27,000",UN,26.82,0.0,SQ COMERCIO E DIS,ELETRICA,137_SQ_MULTIMETRO_DIGITAL_COM_BIP.jpg,SIM
15,SQ PISTOLA DE COLA QUENTE,"81,000",UN,19.28,0.0,SQ COMERCIO E DIS,ELETRICA,15_SQ_PISTOLA_DE_COLA_QUENTE.jpg,SIM
27,SQ PISTOLA DE COLA QUENTE,"37,000",UN,26.56,0.0,SQ COMERCIO E DIS,ELETRICA,27_SQ_PISTOLA_DE_COLA_QUENTE.jpg,SIM
19,"SQ RALO DE PIA 5,4CM","0,000",UN,2.8,0.0,SQ COMERCIO E DIS,FERRAMENTAS,19_SQ_RALO_DE_PIA_5_4CM.jpg,SIM
30,"SQ RALO DE PIA EM METAL 7,CM","11,000",UN,3.44,0.0,SQ COMERCIO E DIS,FERRAMENTAS,30_SQ_RALO_DE_PIA_EM_METAL 7_CM.jpg,SIM
31,SQ RALO DE PIA EM METAL 9CM,"-7,000",UN,4.99,0.0,SQ COMERCIO E DIS,FERRAMENTAS,31_SQ RALO_DE_PIA_EM_METAL_9CM.jpg,SIM
6,SQ REBITADEIRA MANUAL EM METAL,"20,000",UN,24.96,0.0,SQ COMERCIO E DIS,FERRAMENTAS,6_SQ_REBITADEIRA_MANUAL_EM_METAL.jpg,SIM
62,SR0093 - ALICATE UNIVERSAL 8 4X12 (,"0,000",UN,25.99,0.0,STARTOOLS FERRA,FERRAMENTAS,62_SR0093_ALICATE_UNIVERSAL_8_4X12_(STARTOOLS).jpg,SIM
36,SR0094 - ALICATE BICO 6 4X12,"31,000",UN,18.43,0.0,STARTOOLS FERRA,FERRAMENTAS,36_SR0094_ALICATE_BICO_6_4X12.png,SIM
37,SR0095 - ALICATE CORTE 6 4X12 (STAR,"33,000",UN,23.66,0.0,STARTOOLS FERRA,FERRAMENTAS,37_SR0095_ALICATE_CORTE 6_4X12-(STARTOOLS).png,SIM
39,SR0116 - MARTELO MADEIRA PQ (STAR,"1,000",UN,25.68,0.0,STARTOOLS FERRA,FERRAMENTAS,39_ MARTELO_MADEIRA_PQ_STARTOOLS.jpg,SIM
40,SR0117 - MARTELO MADEIRA GD (STAR,"14,000",UN,22.32,0.0,STARTOOLS FERRA,FERRAMENTAS,40_SR0117_MARTELO_MADEIRA_GD_(STARTOOLS).jpg,SIM
42,SR0411 -MARTELO CABO CURTO EMBOR,"-3,000",UN,18.39,0.0,STARTOOLS FERRA,FERRAMENTAS,42_SR0411_MARTELO_CABO_CURTO_EMBORRACHADO_25 MM_15_7CM_STARTOOLS.jpg,SIM
533,SUPORTE PARA LIXA DE VELCRO 125M,"49,000",PC,12.0,0.0,KL VITORIA - COM. D,FERRAMENTAS,533_SUPORTE_PARA_LIXA_DE_VELCRO_125MMX M14.jpeg,SIM
405,SUPORTE PARA TV ULTRA NA CAIXA,"-10,000",UN,9.9,0.0,APLASTEC,UTILIDADES,,SIM
107,TALHADEIRA SDS 14 X 250 X 20MM (E,"0,000",UN,12.0,0.0,KL VITORIA - COM. D,FERRAMENTAS,107_TALHADEIRA_SDS_14 X 250 X 20MM_ESTREITA_MARCA ELITE.jpg,SIM
235,TALHADEIRA SDS 14X250X40MM LARG,"0,000",UN,17.99,0.0,KL VITORIA-COM.D,FERRAMENTAS,235_TALHADEIRA_SDS_14X250X40MM_LARGA.jpg,SIM
169,TOMADA DE SOBREPOR 10 A,"119,000",UN,2.89,0.0,LUSTER IND DE MAT,ELETRICA,169_TOMADA_DE_SOBREPOR_10A.jpg,SIM
156,TOMADA DE SOBREPOR 20 A,"154,000",UN,4.7,0.0,LUSTER IND DE MAT,ELETRICA,156_TOMADA_DE_SOBREPOR_20A.jpg,SIM
479,TOMADA DESMONTAVEL PINO FEMEA 2,"0,000",UN,2.75,0.0,APLASTEC,ELETRICA,,SIM
476,TOMADA DESMONTAVEL PINO FEMEA 2,"100,000",UN,4.99,0.0,APLASTEC,ELETRICA,,SIM
475,TOMADA DESMOTAVEL PINO FEMEA 2,"93,000",UN,4.26,0.0,APLASTEC,ELETRICA,,SIM
175,TOMADA FEMEA,"8,000",UN,2.61,0.0,LUSTER IND DE MAT,ELETRICA,175_TOMADA_FEMEA.jpg,SIM
155,TOMADA FÊMEA - PTO,"300,000",UN,2.61,0.0,LUSTER IND DE MAT,ELETRICA,155_TOMADA_FEMEA_PTO.png,SIM
253,TOMADA SLIM 10A 2P+T BRANCA A GR,"47,000",UN,3.04,0.0,,ELETRICA,253_TOMADA_SLIM_10A_2P+T_BRANCA_A_GRANEL.jpg,SIM
246,TOMADA SLIM 10A 2P+T PRETA A GRA,"48,000",UN,2.9,0.0,APLASTEC,ELETRICA,246_TOMADA_SLIM_10A_2P+T_PRETA_A_GRANEL.jpg,SIM
247,TOMADA SLIM 20A 2P+T PRETA A GRA,"24,000",UN,3.64,0.0,,ELETRICA,247_TOMADA_SLIM_20A_2P+T_PRETA_A_GRANEL.png,SIM
249,TOMADA SLIM 20A 2P+T PRETA A GRA,"34,000",UN,3.49,0.0,,ELETRICA,249_TOMADA_SLIM_20A_2P+T_PRETA_A_GRANEL.png,SIM
397,TRENA 10 METROS,"14,000",UN,19.8,0.0,SETE MARES COMER,FERRAMENTAS,397_TRENA_10_METROS.jpeg,SIM
400,TRENA 3 M X19MM,"63,000",UN,7.78,0.0,SETE MARES COMER,FERRAMENTAS,,SIM
362,"TRENA 5M X 25MM, ACO INOXIDAVEL,","4,000",UN,107.4,0.0,KL VITORIA - COM. D,FERRAMENTAS,,SIM
361,"TRENA 5M X 25MM,ACO INOXIDAVEL, M","4,000",UN,108.82,0.0,KL VITORIA - COM. D,FERRAMENTAS,,SIM
363,"TRENA 5MX25MM, ACO INOXIDAVEL, M","4,000",UN,124.36,0.0,KL VITORIA - COM. D,FERRAMENTAS,,SIM
381,TRENA MANUAL 5MX25MM LARANJA,"208,000",UN,10.8,0.0,SETE MARES COMER,FERRAMENTAS,381_TRENA MANUAL_5MX25MM_LARANJA.jpg,SIM
61,TRENA TRANSPARENTE 5M,"250,000",UN,10.8,0.0,SETE MARES COMER,FERRAMENTAS,61_TRENA TRANSPARENTE_5M.jpeg,SIM
225,V-12 (BRANCO) ADAPTADOR ARTICULAD,"26,000",UN,8.1,0.0,,ELETRICA,,SIM
