codigo,produto,saldo,unidade,preco_atacado,preco_varejo,fornecedor,categoria
205,(HS) MAX DUCHA 5500W 220V 26A,"-8,000",UN,8.99,0.0,TECNO CORTE,ELETRICA
231,(HS) RESISTENCIA BELA ULTRA 4T,"245,000",UN,16.63,0.0,DIAMETALIC FERRA,ELETRICA
474,ABRACADEIRA 200X4.8MM PRETA,"51,000",UN,9.46,0.0,APLASTEC,UTILIDADES
403,ABRACADEIRA 4.8X200MM BRANCA,"20,000",UN,9.76,0.0,APLASTEC,UTILIDADES
510,ABRACADEIRA 4.8X280MM BRANCA,"90,000",UN,9.46,0.0,APLASTEC,UTILIDADES
404,ABRACADEIRA 4.8X280MM PRETA,"0,000",UN,13.96,0.0,APLASTEC,UTILIDADES
472,ABRACADEIRA DE NYLON 100X2.5MM B,"12,000",UN,2.46,0.0,APLASTEC,UTILIDADES
473,ABRACADEIRA DE NYLON 100X2.5MM P,"12,000",UN,2.46,0.0,APLASTEC,UTILIDADES
310,"ABRACADEIRA DE NYLON 3,6X300MM C","7,000",UN,9.45,0.0,SETE MARES COMER,UTILIDADES
470,ABRACADEIRA DE NYLON 300X7.6MM P,"12,000",UN,12.44,0.0,APLASTEC,UTILIDADES
413,"ABRACADEIRA DE NYLON 4,8X400MM B","36,000",UN,16.02,0.0,KL VITORIA - COM. D,UTILIDADES
346,"ABRACADEIRA DE NYLON 4,8X400MM P","38,000",UN,16.02,0.0,SETE MARES COMER,UTILIDADES
499,ABRACADEIRA DE NYLON 4.8X300,"120,000",UN,11.7,0.0,SETE MARES COMER,UTILIDADES
471,ABRACADEIRA DE NYLON 400X7.6MM P,"34,000",UN,17.1,0.0,APLASTEC,UTILIDADES
217,"ABRACADEIRA DE NYLON 7,6X450MM (","18,000",UN,39.9,0.0,SQ COMERCIO E DIS,UTILIDADES
311,ABRACADEIRA DE NYLON BRANCA 4,"61,000",UN,8.32,0.0,SETE MARES COMER,UTILIDADES
323,"ABRACADEIRA NYLON 3,6X300MM C/ 1","11,000",PC,9.44,0.0,SETE MARES COMER,UTILIDADES
312,"ABRACADEIRA NYLON 4,8X150MM","79,000",UN,7.44,0.0,SETE MARES COMER,UTILIDADES
176,ABRACADEIRA NYLON 7.6X450MM (B,"98,000",UN,39.9,0.0,SETE MARES COMER,UTILIDADES
467,ADAPATADOR BENJAMIN T EM LATAO,"88,000",UN,2.1,0.0,APLASTEC,ELETRICA
355,ADAPTADOR 4 ENTRADAS 10 E 20 A - L,"14,000",UN,7.8,0.0,PLUS ADAPTADORE,ELETRICA
466,ADAPTADOR BOB SPONJA QUADRADO B,"72,000",UN,1.7,0.0,APLASTEC,ELETRICA
209,ADAPTADOR CASULO 10 ES20A,"-6,000",UN,2.4,0.0,,ELETRICA
208,ADAPTADOR CUBO 4 LADOS,"-10,000",UN,3.5,0.0,,ELETRICA
441,ADAPTADOR DE TORNEIRA,"334,000",UN,2.57,0.0,KL VITORIA - COM. D,HIDRAULICA
286,ADAPTADOR DOBRAVEL 10 E 20A,"25,000",UN,11.04,0.0,,ELETRICA
465,ADAPTADOR MULTIPLO INVERTIDO,"200,000",UN,2.24,0.0,APLASTEC,ELETRICA
285,ADAPTADOR REDONDO 10 E20A,"5,000",UN,8.4,0.0,,ELETRICA
372,"ADESIVO MONOCOMPONENTE 400G, C","6,000",UN,14.9,0.0,KL VITORIA - COM. D,UTILIDADES
354,ADESIVO SELANTE MONOCOMNENTE 4,"18,000",PC,14.9,0.0,KL VITORIA - COM. D,UTILIDADES
359,"ADESIVO SELANTE MONOCOMPONENTE,4","18,000",UN,14.9,0.0,KL VITORIA - COM. D,UTILIDADES
228,"ADPATADOR 3""T"" SAIDAS 10/20 A PIN","-14,000",UN,7.05,0.0,,ELETRICA
163,ALICATE BICO 6 (STARTOOLS),"32,000",UN,17.99,0.0,STARTOOLS FERRA,FERRAMENTAS
399,ALICATE DE CORTE 6,"111,000",UN,12.28,0.0,SETE MARES COMER,FERRAMENTAS
386,ALICATE DE CORTE 8,"143,000",UN,16.02,0.0,SETE MARES COMER,FERRAMENTAS
555,"ALICATE P/ BOMBA DE AGUA, 10","60,000",UN,29.16,0.0,SETE MARES COMER,FERRAMENTAS
38,ALICATE TURQUESA 8 - 4X12 (STARTO,"136,000",UN,17.0,0.0,STARTOOLS FERRA,FERRAMENTAS
320,"ANEL P/ VEDACAO, DE BORRACHA, 50 P","108,000",UN,11.34,0.0,SETE MARES COMER,UTILIDADES
313,APARELHO DE BARBEAR DE USO MANU,"30,000",UN,29.96,0.0,SETE MARES COMER,UTILIDADES
352,"APLICADOR DE METAL, DE USO MANUA","65,000",UN,16.99,0.0,SETE MARES COMER,FERRAMENTAS
278,APLICADOR DE SILICONE MANUAL IN,"0,000",PC,18.02,0.0,KL VITORIA - COM. D,FERRAMENTAS
54,AR0181 - FITA SILVER TAPE 10MTS (S,"20,000",UN,10.02,0.0,STARTOOLS FERRA,UTILIDADES
41,AR0330 - MANGUEIRA DE BICO BIDE 1,"21,000",UN,35.44,0.0,STARTOOLS FERRA,HIDRAULICA
44,AR0438 - CHAVE PHILLIPS ISOLADA VE,"0,000",CX,7.58,0.0,STARTOOLS FERRA,FERRAMENTAS
45,AR0469 - JOGO DE SOQUETE/CANHAO -,"-2,000",UN,16.52,0.0,STARTOOLS FERRA,FERRAMENTAS
46,AR0566 - ABRACADEIRA NYLON PRETA,"56,000",UN,13.13,0.0,STARTOOLS FERRA,UTILIDADES
47,AR0673 - ALICATE DESENCAPADOR E C,"16,000",UN,42.9,0.0,STARTOOLS FERRA,FERRAMENTAS
48,AR0706 - JOGO CHAVE COMBINADA C/,"4,000",UN,26.96,0.0,STARTOOLS FERRA,FERRAMENTAS
52,AR0728 - JOGO CHAVE FIXA C/12PCS 6X,"0,000",UN,71.0,0.0,STARTOOLS FERRA,FERRAMENTAS
53,AR3000 - ETANIZ GAS PARA MACARICO,"13,000",UN,16.99,0.0,SETE MARES COMER,FERRAMENTAS
387,ARCO DE SERRA,"32,000",UN,14.94,0.0,SETE MARES COMER,FERRAMENTAS
373,ARCO DE SERRA,"4,000",UN,19.99,0.0,KL VITORIA - COM. D,FERRAMENTAS
331,AUTO BROCANTE ARRUELA FIXA TER,"12,000",CT,111.1,0.0,KL VITORIA - COM. D,FERRAMENTAS
330,AUTO BROCANTE ARRUELA FIXA TER,"12,000",CT,110.59,0.0,KL VITORIA - COM. D,FERRAMENTAS
333,AUTO BROCANTE ARRUELA FIXA TER,"9,000",CT,78.3,0.0,KL VITORIA - COM. D,FERRAMENTAS
334,AUTO BROCANTE ARRUELA FIXA TER,"9,000",CT,91.46,0.0,KL VITORIA - COM. D,FERRAMENTAS
332,AUTO BROCANTE ARRUELA FIXA EPD,"10,000",CT,108.67,0.0,KL VITORIA - COM. D,FERRAMENTAS
124,AUTO BROCANTE ARRUELA MOVEL B,"5,000",CT,97.78,0.0,KL VITORIA - COM. D,FERRAMENTAS
272,AUTO BROCANTE ARRUELA MOVEL B,"6,000",CT,68.46,0.0,KL VITORIA - COM. D,FERRAMENTAS
279,AUTO BROCANTE ARRUELA MOVEL B,"0,000",CX,0.0,0.0,KL VITORIA - COM. D,FERRAMENTAS
275,AUTO BROCANTE ARRUELA MOVEL B,"4,000",CX,53.31,0.0,KL VITORIA - COM. D,FERRAMENTAS
125,AUTO BROCANTE COSTURA TELHA/T,"27,000",CT,84.24,0.0,KL VITORIA - COM. D,FERRAMENTAS
327,AUTO PERFURANTE STEEL TILE IN WO,"1,000",CE,112.26,0.0,KL VITORIA - COM. D,FERRAMENTAS
328,AUTO PERFURANTE STEEL TILE IN WO,"4,000",CT,91.42,0.0,KL VITORIA - COM. D,FERRAMENTAS
325,AUTO PERFURANTE STEEL TILE IN WO,"36,000",CT,123.2,0.0,KL VITORIA - COM. D,FERRAMENTAS
388,"BASTAO DE COLA, P/ PISTOLA DE COL","21,000",PC,48.94,0.0,SETE MARES COMER,UTILIDADES
389,"BASTAO DE COLA, P/ PISTOLA DE COL","43,000",UN,48.94,0.0,SETE MARES COMER,UTILIDADES
166,BENJAMIN LATAO 3 SAIDAS,"0,000",UN,3.43,0.0,,ELETRICA
226,BENJAMIN T 3 SAIDAS,"-30,000",UN,2.75,0.0,,ELETRICA
227,BOB-PORCELANA,"579,000",UN,2.75,0.0,,ELETRICA
314,"BOMBA DE AR, DE USO MANUAL 55C","34,000",UN,16.82,0.0,SETE MARES COMER,UTILIDADES
238,BROCA ACO RAPIDO 10X2.5MM,"0,000",UN,2.51,0.0,DIAMETALIC FERRA,FERRAMENTAS
309,"BROCA ACO RAPIDO 2,8MM","39,000",UN,1.28,0.0,DIAMETALIC FERRA,FERRAMENTAS
237,BROCA ACO RAPIDO HSS-G 10X1.5M,"0,000",UN,1.4,0.0,DIAMETALIC FERRA,FERRAMENTAS
407,BROCA CHATA 10MM,"6,000",UN,3.12,0.0,KL VITORIA - COM. D,FERRAMENTAS
408,BROCA CHATA 12MM,"6,000",UN,4.15,0.0,KL VITORIA - COM. D,FERRAMENTAS
409,BROCA CHATA 16MM,"6,000",UN,5.17,0.0,KL VITORIA - COM. D,FERRAMENTAS
454,BROCA CHATA 18MM,"5,000",UN,5.5,0.0,KL VITORIA - COM. D,FERRAMENTAS
411,BROCA CHATA 20MM,"6,000",UN,6.19,0.0,KL VITORIA - COM. D,FERRAMENTAS
412,BROCA CHATA 25MM,"6,000",UN,7.25,0.0,KL VITORIA - COM. D,FERRAMENTAS
269,BROCA DE CONCRETO 5X86MM,"0,000",UN,2.72,0.0,DIAMETALIC FERRA,FERRAMENTAS
289,"BROCA HSS-G 10X1,5MM","29,000",UN,12.0,0.0,DIAMETALIC FERRA,FERRAMENTAS
236,BROCA HSS-G 10X1MM,"9,000",UN,12.0,0.0,DIAMETALIC FERRA,FERRAMENTAS
291,"BROCA HSS-G 10X2,5MM","50,000",UN,11.2,0.0,DIAMETALIC FERRA,FERRAMENTAS
290,BROCA HSS-G 10X2MM,"49,000",UN,11.2,0.0,DIAMETALIC FERRA,FERRAMENTAS
293,"BROCA HSS-G 10X3,5MM","50,000",UN,20.8,0.0,DIAMETALIC FERRA,FERRAMENTAS
292,BROCA HSS-G 10X3MM,"31,000",UN,20.8,0.0,DIAMETALIC FERRA,FERRAMENTAS
295,"BROCA HSS-G 10X4,5MM","44,000",UN,33.6,0.0,DIAMETALIC FERRA,FERRAMENTAS
294,BROCA HSS-G 10X4MM,"52,000",UN,27.2,0.0,DIAMETALIC FERRA,FERRAMENTAS
297,"BROCA HSS-G 10X5,5MM","38,000",UN,49.6,0.0,DIAMETALIC FERRA,FERRAMENTAS
296,BROCA HSS-G 10X5MM,"35,000",UN,40.0,0.0,DIAMETALIC FERRA,FERRAMENTAS
299,BROCA HSS-G 10X6.5MM,"47,000",UN,64.0,0.0,DIAMETALIC FERRA,FERRAMENTAS
298,BROCA HSS-G 10X6MM,"36,000",UN,56.0,0.0,DIAMETALIC FERRA,FERRAMENTAS
301,BROCA HSS-G 10X7.5MM,"47,000",UN,8.16,0.0,DIAMETALIC FERRA,FERRAMENTAS
300,BROCA HSS-G 10X7MM,"39,000",UN,7.2,0.0,DIAMETALIC FERRA,FERRAMENTAS
306,BROCA HSS-G 5X10MM,"48,000",UN,7.04,0.0,DIAMETALIC FERRA,FERRAMENTAS
308,"BROCA HSS-G 5X12,5MM","20,000",UN,12.0,0.0,DIAMETALIC FERRA,FERRAMENTAS
307,BROCA HSS-G 5X12MM,"49,000",UN,12.0,0.0,DIAMETALIC FERRA,FERRAMENTAS
302,BROCA HSS-G 5X8MM,"43,000",UN,4.56,0.0,DIAMETALIC FERRA,FERRAMENTAS
304,"BROCA HSS-G 5X9,5MM","49,000",UN,6.64,0.0,DIAMETALIC FERRA,FERRAMENTAS
303,BROCA HSS-G 5X9MM,"49,000",UN,7.5,0.0,DIAMETALIC FERRA,FERRAMENTAS
530,BROCA MOURAO 1/4 X 250MM,"21,000",PC,12.06,0.0,KL VITORIA - COM. D,FERRAMENTAS
531,BROCA MOURAO LONGA 9/32 X 250MM,"30,000",PC,12.37,0.0,KL VITORIA - COM. D,FERRAMENTAS
554,BROCA PARA CONCRETO 6MM X 100M,"0,000",UN,0.0,0.0,COLLINS,FERRAMENTAS
270,BROCA VIDEA 8X120MM,"-10,000",UN,4.16,0.0,DIAMETALIC FERRA,FERRAMENTAS
283,BROCA WIDEA 10MM,"11,000",UN,5.12,0.0,DIAMETALIC FERRA,FERRAMENTAS
519,"BROCA WIDEA 10MM,ELITE","36,000",UN,13.26,0.0,KL VITORIA - COM. D,FERRAMENTAS
284,BROCA WIDEA 12MM,"13,000",UN,8.48,0.0,DIAMETALIC FERRA,FERRAMENTAS
281,BROCA WIDEA 6MM,"25,000",UN,3.04,0.0,DIAMETALIC FERRA,FERRAMENTAS
517,BROCA WIDEA 6MM ELITE,"199,000",UN,3.34,0.0,KL VITORIA - COM. D,FERRAMENTAS
282,BROCA WIDEA 8MM,"75,000",UN,4.16,0.0,DIAMETALIC FERRA,FERRAMENTAS
518,"BROCA WIDEA 8MM, ELITE","193,000",UN,7.33,0.0,KL VITORIA - COM. D,FERRAMENTAS
522,"BROCA WIDEA SDS PLUS 160X 12MM, E","16,000",UN,9.42,0.0,KL VITORIA - COM. D,FERRAMENTAS
521,"BROCA WIDEA SDS PLUS 160X10MM,E","95,000",UN,8.06,0.0,KL VITORIA - COM. D,FERRAMENTAS
513,BUCHA FIXACAO ECOLIDER 10 C/ANEL,"10,000",UN,33.6,0.0,,UTILIDADES
514,BUCHA FIXACAO ECOLIDER 8 C/ANEL C,"10,000",UN,35.6,0.0,,UTILIDADES
580,BUCHAS PLASTICAS 8MM,"10,000",UN,29.23,0.0,APLASTEC,FERRAMENTAS
43,CABO EXTENSOR FLEXIVEL P/PARAFU,"6,000",UN,19.96,0.0,STARTOOLS FERRA,FERRAMENTAS
442,CHAVE BIELA DE ABERTURA 10MM,"236,000",UN,7.67,0.0,KL VITORIA - COM. D,FERRAMENTAS
443,CHAVE BIELA DE ABERTURA FIXA 11,"220,000",UN,7.47,0.0,KL VITORIA - COM. D,FERRAMENTAS
482,CHAVE BIELA TIPO L 17MM,"36,000",UN,13.94,0.0,,FERRAMENTAS
503,CHAVE DE BIELA 13MM,"140,000",UN,8.86,0.0,SETE MARES COMER,FERRAMENTAS
444,CHAVE DE BIELA DE ABERTURA FIXA 1,"134,000",UN,7.75,0.0,KL VITORIA - COM. D,FERRAMENTAS
445,CHAVE DE BIELA DE ABERTURA FIXA 1,"185,000",UN,9.81,0.0,KL VITORIA - COM. D,FERRAMENTAS
446,CHAVE DE BIELA DE ABERTURA FIXA 1,"78,000",UN,10.74,0.0,SETE MARES COMER,FERRAMENTAS
448,CHAVE DE BIELA DE ABERTURA FIXA 8,"290,000",UN,7.64,0.0,SETE MARES COMER,FERRAMENTAS
449,CHAVE DE FENDA DE METAL COM CA,"180,000",UN,6.84,0.0,SETE MARES COMER,FERRAMENTAS
558,CHAVE DE RODA 17-19-21-23 ACO,"20,000",UN,42.3,0.0,SETE MARES COMER,FERRAMENTAS
224,CHAVE PARA ESMERILHADEIRA,"100,000",UN,14.1,0.0,SETE MARES COMER,FERRAMENTAS
240,CHUVEIRO BELA DUCHA LOROZETTI 6,"0,000",UN,72.11,0.0,,ELETRICA
578,CHUVEIRO ZAGONEL BALLERINA 3T,"8,000",UN,59.99,0.0,,ELETRICA
451,CINTA DE NAILON,"48,000",UN,13.92,0.0,SETE MARES COMER,FERRAMENTAS
390,COLHER PEDREIRO 7,"96,000",UN,8.54,0.0,SETE MARES COMER,FERRAMENTAS
435,COLHER PEDREIRO REDONDO 10 18KG,"48,000",UN,25.23,0.0,,FERRAMENTAS
433,COLHER PEDREIRO RETO 10 16KG,"20,000",UN,20.45,0.0,,FERRAMENTAS
425,COLHER PEDREIRO 10 CANTO REDOND,"36,000",UN,28.15,0.0,,FERRAMENTAS
429,COLHER PEDREIRO 10 CANTO RETO 27,"36,000",UN,27.16,0.0,,FERRAMENTAS
426,COLHER PEDREIRO 7 CANTO RETO 15,"40,000",UN,20.8,0.0,,FERRAMENTAS
436,COLHER PEDREIRO 7CANTO REDONDO,"40,000",UN,21.35,0.0,,FERRAMENTAS
438,COLHER PEDREIRO 8 CANTO REDOND,"37,000",UN,23.54,0.0,,FERRAMENTAS
427,COLHER PEDREIRO 8 CANTO RETO 19,"36,000",UN,23.44,0.0,,FERRAMENTAS
391,COLHER PEDREIRO 9,"93,000",UN,9.99,0.0,SETE MARES COMER,FERRAMENTAS
437,COLHER PEDREIRO 9 CANTO REDOND,"30,000",UN,25.74,0.0,,FERRAMENTAS
428,COLHER PEDREIRO 9 CANTO RETO 22,"31,000",UN,25.92,0.0,,FERRAMENTAS
432,COLHER PEDREIRO CANTO RETO 9,"44,000",UN,21.96,0.0,,FERRAMENTAS
434,COLHER PEDREIRO REDONDO 9 16KG,"38,000",UN,20.74,0.0,,FERRAMENTAS
430,COLHER PEDREIRO RETO 7 13KG,"48,000",UN,19.81,0.0,,FERRAMENTAS
431,COLHER PEDREIRO RETO 8,"44,000",UN,20.73,0.0,,FERRAMENTAS
455,CONECTOR 10MM 3 POLO 10A 250V 08,"100,000",UN,2.38,0.0,APLASTEC,ELETRICA
456,CONECTOR 16MM 2 POLO 50A 600V,"100,000",UN,2.65,0.0,APLASTEC,ELETRICA
457,CONECTOR 16MM 3 POLO 50A 600V,"170,000",UN,4.48,0.0,APLASTEC,ELETRICA
338,CONECTOR CERAMICO 3 POLOS 10MM,"-12,000",UN,3.02,0.0,PHP UTILIDADES LT,ELETRICA
339,CONECTOR CERAMICO 3 POLOS 16 MM,"-23,000",UN,5.7,0.0,PHP UTILIDADES LT,ELETRICA
504,CONECTOR DE MANGUEIRA 1/2,"354,000",UN,3.51,0.0,SETE MARES COMER,HIDRAULICA
586,CONJUNTO COM 12 PCS BUCHA 8,"100,000",UN,1.85,0.0,,SEM GRUPO
587,CONJUNTO COM 12 PCS BUCHA 8,"100,000",UN,1.85,0.0,,SEM GRUPO
588,CONJUNTO COM 8 PCS BUCHA 10,"100,000",UN,1.85,0.0,,SEM GRUPO
101,CONJUNTO DE LAMINA DE ESTILETE 1,"37,000",UN,4.9,0.0,KL VITORIA - COM. D,FERRAMENTAS
369,CONJUNTO DE ROLOS PARA PINTURA C,"7,000",UN,74.74,0.0,KL VITORIA - COM. D,UTILIDADES
102,"CONJUNTO DE SOQUETE 9 PCS, MARCA","-3,000",UN,15.4,0.0,KL VITORIA - COM. D,FERRAMENTAS
584,CORANTE LIQUID INDELFLEX AMAREL,"156,000",UN,4.5,0.0,VALDEMAR SANTA,UTILIDADES
585,CORANTE LIQUID INDELFLEX AZUL 5,"156,000",UN,4.5,0.0,VALDEMAR SANTA,UTILIDADES
582,CORANTE LIQUID INDELFLEX PRETO 5,"120,000",UN,4.5,0.0,VALDEMAR SANTA,UTILIDADES
583,CORANTE LIQUID INDELFLEX VERDE 5,"156,000",UN,4.5,0.0,VALDEMAR SANTA,UTILIDADES
393,CORDA DE MULTI USO 15MMX 8MM,"21,000",UN,9.99,0.0,SETE MARES COMER,UTILIDADES
392,CORDA MULTI USO 10 X 8MM,"67,000",UN,7.44,0.0,SETE MARES COMER,UTILIDADES
72,"DISCO ABRASIVO 115X1X20,23MM INOX","-32,000",UN,3.0,0.0,TECNO CORTE,FERRAMENTAS
287,DISCO DE CORTE 24 DENTES FURO 25 P,"5,000",UN,36.15,0.0,DIAMETALIC FERRA,FERRAMENTAS
368,DISCO DE CORTE ABRASIVO 110X1.0X2,"70,000",UN,3.36,0.0,KL VITORIA - COM. D,FERRAMENTAS
366,DISCO DE CORTE ABRASIVO INOX 115 X,"200,000",UN,1.78,0.0,KL VITORIA - COM. D,FERRAMENTAS
520,DISCO DE CORTE ABRASIVO INOX 115,"400,000",UN,4.1,0.0,KL VITORIA - COM. D,FERRAMENTAS
367,DISCO DE CORTE ABRASIVO INOX 180 X,"70,000",UN,5.46,0.0,KL VITORIA - COM. D,FERRAMENTAS
201,DISCO DE CORTE DIAMANTADO 100X2,"145,000",UN,17.99,0.0,STONE DIAMOND TO,FERRAMENTAS
577,DISCO DE CORTE DIAMANTADO 100X2,"90,000",UN,9.9,0.0,STONE DIAMOND TO,FERRAMENTAS
576,DISCO DE CORTE DIAMANTADO 100X2,"87,000",UN,9.9,0.0,STONE DIAMOND TO,FERRAMENTAS
574,DISCO DE CORTE DIAMANTADO 110X2,"90,000",UN,9.9,0.0,STONE DIAMOND TO,FERRAMENTAS
195,DISCO DE CORTE DIAMANTADO 110X8,"31,000",UN,8.9,0.0,STONE DIAMOND TO,FERRAMENTAS
196,DISCO DE CORTE DIAMANTADO 110X8,"101,000",UN,8.9,0.0,STONE DIAMOND TO,FERRAMENTAS
202,DISCO DE CORTE DIAMANTADO 110X8,"117,000",UN,8.9,0.0,STONE DIAMOND TO,FERRAMENTAS
515,DISCO DE CORTE DIAMANTADO PORCE,"10,000",UN,18.59,0.0,KL VITORIA - COM. D,FERRAMENTAS
421,DISCO DE CORTE DIAMANTADO PORCE,"10,000",UN,0.0,0.0,KL VITORIA - COM. D,FERRAMENTAS
344,DISCO DE FERRO ACO INOX CORTE RAP,"0,000",UN,6.99,0.0,DIAMETALIC FERRA,FERRAMENTAS
525,DISCO DE LIXA 125MM GR.80,"143,000",PC,1.2,0.0,KL VITORIA - COM. D,FERRAMENTAS
529,"DISCO DE LIXA VELCRO 125 X 22MM ,G","143,000",PC,1.02,0.0,KL VITORIA - COM. D,FERRAMENTAS
524,"DISCO DE LIXA VELCRO 125MM,GR 060","143,000",UN,1.42,0.0,KL VITORIA - COM. D,FERRAMENTAS
523,"DISCO DE LIXA VELCRO 125MM,GR.040","143,000",PC,1.4,0.0,KL VITORIA - COM. D,FERRAMENTAS
527,"DISCO DE LIXA VELCRO 125MM,GR.120","145,000",PC,1.3,0.0,KL VITORIA - COM. D,FERRAMENTAS
528,"DISCO DE LIXA VELCRO 125MM,GR.150","143,000",PC,1.36,0.0,KL VITORIA - COM. D,FERRAMENTAS
526,"DISCO DE LIXA VELCRO,GR.100","145,000",PC,1.36,0.0,KL VITORIA - COM. D,FERRAMENTAS
315,"DISCO DE SERRA CIRCULAR, P/ MADEIR","-119,000",UN,5.55,0.0,SETE MARES COMER,FERRAMENTAS
573,DISCO DIAMANTADO 110X15MM ELETR,"100,000",UN,16.0,0.0,STONE DIAMOND TO,FERRAMENTAS
571,DISCO DIAMANTADO 110X20X1.2X10,"100,000",UN,20.0,0.0,STONE DIAMOND TO,FERRAMENTAS
199,DISCO DIAMANTADO 110X20X1.2X10,"37,000",UN,17.99,0.0,STONE DIAMOND TO,FERRAMENTAS
232,DISCO DIAMETALIC PORCELANATO FU,"4,000",UN,22.89,0.0,DIAMETALIC FERRA,ELETRICA
233,DISCO ESMERILHADEIRA TURBO FURO,"-2,000",UN,14.28,0.0,DIAMETALIC FERRA,FERRAMENTAS
162,"DISCO FLASH INOX 114,3X1,0X22,2MM","411,000",UN,1.65,0.0,STARTOOLS FERRA,FERRAMENTAS
243,DRYWALL FORRO CABECA PHILIPS FL,"59,000",CT,72.32,0.0,KL VITORIA - COM. D,FERRAMENTAS
244,DRYWALL FORRO CABECA PHILIPS FL,"0,000",CT,60.56,0.0,KL VITORIA - COM. D,FERRAMENTAS
402,"ELASTICO EXTENSOR 1,5M X 8MM","129,000",UN,5.16,0.0,SETE MARES COMER,UTILIDADES
497,"ELASTICO EXTENSOR 1,8 X 8MM","84,000",UN,5.4,0.0,,UTILIDADES
271,"ESPATULA CABO DE MADEIRA 3 , MAR","174,000",UN,6.42,0.0,KL VITORIA - COM. D,FERRAMENTAS
103,ESPATULA CABO DE MADEIRA ELITE 2,"193,000",UN,6.1,0.0,KL VITORIA - COM. D,FERRAMENTAS
104,ESPATULA CABO DE MADEIRA ELITE 4,"191,000",UN,6.74,0.0,KL VITORIA - COM. D,FERRAMENTAS
105,ESPATULA CABO DE MADEIRA ELITE 5,"202,000",UN,7.79,0.0,KL VITORIA - COM. D,FERRAMENTAS
218,ESPATULA COM CABO EMBORRACHAD,"201,000",UN,6.6,0.0,SETE MARES COMER,FERRAMENTAS
376,"ESQUADRO DE METAL, P/ CONSTRUCA","109,000",UN,11.99,0.0,SETE MARES COMER,FERRAMENTAS
401,ESQUINCHO MANGUEIRA,"112,000",UN,9.99,0.0,SETE MARES COMER,HIDRAULICA
75,"ESTILETE 18MM, MARCA ELITE","79,000",UN,4.9,0.0,KL VITORIA - COM. D,FERRAMENTAS
76,ESTILETE PROFISSIONAL 18MM ELITE,"40,000",UN,7.07,0.0,KL VITORIA - COM. D,FERRAMENTAS
560,ETIQUETA P/ETIQUETADORA 50,"100,000",UN,13.1,0.0,SETE MARES COMER,UTILIDADES
220,EXTENSAO 2P+T 02MT PRETA SAQUIN,"12,000",UN,13.71,0.0,APLASTEC,ELETRICA
222,EXTENSAO 2P+T 05MT PRETA-SAQUINH,"12,000",UN,23.33,0.0,APLASTEC,ELETRICA
219,"EXTENSAO 2P+T 1,5 MT PRETO SAQUIN","12,000",UN,12.1,0.0,APLASTEC,ELETRICA
223,EXTENSAO 2P+T 10MT PRETA,"-42,000",UN,39.56,0.0,,ELETRICA
221,EXTENSAO 2P+T03M PRETA-SAQUINH,"12,000",UN,15.99,0.0,APLASTEC,ELETRICA
458,EXTENSAO ELETRICA 2M,"21,000",UN,15.43,0.0,APLASTEC,ELETRICA
459,EXTENSAO ELETRICA 3M,"24,000",UN,19.03,0.0,APLASTEC,ELETRICA
460,EXTENSAO ELETRICA DE 5M,"22,000",UN,26.21,0.0,APLASTEC,ELETRICA
385,EXTENSAO QUADRUPLA 5M,"19,000",UN,26.36,0.0,LUSTER IND DE MAT,ELETRICA
383,"EXTENSAO QUADRUPULA 1,5M","39,000",UN,15.6,0.0,LUSTER IND DE MAT,ELETRICA
384,EXTENSAO QUADRUPULA 3M,"57,000",UN,17.85,0.0,LUSTER IND DE MAT,ELETRICA
129,FECHADURA ANTI-FURTO COR PRETA,"8,000",UN,61.54,0.0,KL VITORIA - COM. D,ELETRICA
395,"FERRAMENTA FITA MANUAL, DE USO D","0,000",CX,0.0,0.0,,SEM GRUPO
464,FILTRO DE LINHA COM FUSIVEL 3 TOMA,"4,000",UN,24.19,0.0,APLASTEC,ELETRICA
462,FILTRO DE LINHA COM FUSIVEL 4 TOMA,"6,000",UN,25.33,0.0,APLASTEC,ELETRICA
463,FILTRO DE LINHA COM FUSIVEL 5 TOMA,"10,000",UN,26.23,0.0,APLASTEC,ELETRICA
461,FILTRO DE LINHA COM FUSíVEL COM 6,"10,000",UN,27.09,0.0,APLASTEC,ELETRICA
377,FITA ADESIVA DUPLA FACE 2M X 25M,"248,000",UN,7.99,0.0,SETE MARES COMER,UTILIDADES
317,"FITA ADESIVA, ANTIDERRAPANTE, DE F","-6,000",UN,15.92,0.0,SETE MARES COMER,UTILIDADES
318,"FITA ADESIVA, ANTIDERRAPANTE, DE F","52,000",UN,17.82,0.0,SETE MARES COMER,UTILIDADES
378,"FITA ADESIVA, DUPLA FACE VERMELH","227,000",UN,7.99,0.0,SETE MARES COMER,UTILIDADES
215,FITA FIXA- FACIL - 12 MM X 2 M,"1666,000",UN,4.56,0.0,APLASTEC,UTILIDADES
216,FITA FIXA- FACIL - 18 MM X 2 M,"2480,000",UN,6.14,0.0,APLASTEC,UTILIDADES
357,FITA FIXTAPE BUTILICA 10CM X 5M X 1,"141,000",UN,32.05,0.0,KL VITORIA - COM. D,UTILIDADES
364,FITA FIXTAPE BUTILICA 5CMX5MX1.2M,"76,000",UN,17.22,0.0,KL VITORIA - COM. D,UTILIDADES
358,FITA FIXTAPE BUTILICA IMPERMEAVE,"87,000",UN,45.98,0.0,KL VITORIA - COM. D,UTILIDADES
423,FITA FIXTAPE BUTILICA IMPERMEAVE,"142,000",UN,79.94,0.0,KL VITORIA - COM. D,UTILIDADES
394,"FITA ISOLANTE 10MX17MMX0,15MM","403,000",UN,2.44,0.0,SETE MARES COMER,UTILIDADES
63,FITA ISOLANTE 19 X 10M X 0.13M ISOLA,"144,000",UN,3.8,0.0,KL VITORIA - COM. D,UTILIDADES
74,FITA ISOLANTE 19 X 20M X 0.13M,"98,000",UN,5.5,0.0,KL VITORIA - COM. D,UTILIDADES
348,FITA ISOLANTE 5M,"90,000",UN,1.46,0.0,SETE MARES COMER,UTILIDADES
505,FITA METRICA 7X24MM,"50,000",UN,14.98,0.0,SETE MARES COMER,UTILIDADES
398,FITA VEDA ROSCA 18MMX10M,"14,000",UN,1.99,0.0,SETE MARES COMER,UTILIDADES
79,FOLHA DE LIXA D AGUA 230X280MM G,"50,000",UN,1.93,0.0,KL VITORIA - COM. D,HIDRAULICA
80,FOLHA DE LIXA D AGUA 230X280MM G,"50,000",UN,1.6,0.0,KL VITORIA - COM. D,HIDRAULICA
89,FOLHA DE LIXA D AGUA 230X280MM G,"0,000",UN,1.51,0.0,KL VITORIA - COM. D,HIDRAULICA
81,FOLHA DE LIXA D AGUA 230X280MM G,"48,000",UN,1.51,0.0,KL VITORIA - COM. D,HIDRAULICA
82,FOLHA DE LIXA D AGUA 230X280MM G,"50,000",UN,1.6,0.0,KL VITORIA - COM. D,HIDRAULICA
90,FOLHA DE LIXA D AGUA 230X280MM G,"40,000",UN,1.51,0.0,KL VITORIA - COM. D,HIDRAULICA
83,FOLHA DE LIXA D AGUA 230X280MM G,"50,000",UN,1.6,0.0,KL VITORIA - COM. D,HIDRAULICA
84,FOLHA DE LIXA D AGUA 230X280MM G,"50,000",UN,1.51,0.0,KL VITORIA - COM. D,HIDRAULICA
85,FOLHA DE LIXA D AGUA 230X280MM G,"50,000",UN,1.51,0.0,KL VITORIA - COM. D,HIDRAULICA
86,FOLHA DE LIXA D AGUA 230X280MM G,"50,000",UN,1.68,0.0,KL VITORIA - COM. D,HIDRAULICA
87,FOLHA DE LIXA D AGUA 230X280MM G,"50,000",UN,1.51,0.0,KL VITORIA - COM. D,HIDRAULICA
88,FOLHA DE LIXA D AGUA 230X280MM G,"50,000",UN,1.51,0.0,KL VITORIA - COM. D,HIDRAULICA
78,FOLHA DE LIXA D AGUA 230X280MM G,"50,000",UN,1.93,0.0,KL VITORIA - COM. D,HIDRAULICA
96,FOLHA DE LIXA PARA FERRO 230X280,"50,000",UN,1.93,0.0,KL VITORIA - COM. D,HIDRAULICA
97,FOLHA DE LIXA PARA FERRO 230X280,"50,000",UN,1.6,0.0,KL VITORIA - COM. D,HIDRAULICA
98,FOLHA DE LIXA PARA FERRO 230X280,"50,000",UN,1.6,0.0,KL VITORIA - COM. D,HIDRAULICA
99,FOLHA DE LIXA PARA FERRO 230X280,"50,000",UN,1.6,0.0,KL VITORIA - COM. D,HIDRAULICA
100,FOLHA DE LIXA PARA FERRO 230X280,"-5,000",UN,1.6,0.0,KL VITORIA - COM. D,HIDRAULICA
91,FOLHA DE LIXA PARA FERRO 230X280,"40,000",UN,2.38,0.0,KL VITORIA - COM. D,HIDRAULICA
92,FOLHA DE LIXA PARA FERRO 230X280,"50,000",UN,2.27,0.0,KL VITORIA - COM. D,HIDRAULICA
93,FOLHA DE LIXA PARA FERRO 230X280,"0,000",UN,2.27,0.0,KL VITORIA - COM. D,HIDRAULICA
94,FOLHA DE LIXA PARA FERRO 230X280,"0,000",UN,2.03,0.0,KL VITORIA - COM. D,HIDRAULICA
95,FOLHA DE LIXA PARA FERRO 230X280,"12,000",UN,2.25,0.0,KL VITORIA - COM. D,HIDRAULICA
108,FORRO CABECA PHILIPS FLANGEADA C,"48,000",CT,82.18,0.0,KL VITORIA - COM. D,FERRAMENTAS
109,FORRO CABECA PHILIPS FLANGEADA C,"12,000",CT,79.97,0.0,KL VITORIA - COM. D,FERRAMENTAS
110,FORRO CABECA PHILIPS FLANGEADA C,"16,000",CT,100.08,0.0,KL VITORIA - COM. D,FERRAMENTAS
111,FORRO CABECA PHILIPS FLANGEADA C,"40,000",CT,76.93,0.0,KL VITORIA - COM. D,FERRAMENTAS
122,FORRO CABECA PHILIPS FLANGEADA P,"0,000",CT,67.95,0.0,KL VITORIA - COM. D,FERRAMENTAS
112,FORRO CABECA PHILIPS FLANGEADA P,"12,000",CT,68.74,0.0,KL VITORIA - COM. D,FERRAMENTAS
115,FORRO CABECA PHILIPS FLANGEADA P,"0,000",CT,77.95,0.0,KL VITORIA - COM. D,FERRAMENTAS
117,FORRO CABECA PHILIPS FLANGEADA P,"27,000",CT,68.11,0.0,KL VITORIA - COM. D,FERRAMENTAS
118,FORRO CABECA PHILIPS FLANGEADA P,"30,000",CT,86.96,0.0,KL VITORIA - COM. D,FERRAMENTAS
120,FORRO CABECA PHILIPS FLANGEADA P,"0,000",CT,104.45,0.0,KL VITORIA - COM. D,FERRAMENTAS
121,FORRO CABECA PHILIPS FLANGEADA P,"72,000",CX,9.2,0.0,CONTROLESIS TECN,FERRAMENTAS
128,GESSO CABECA TROMBETA PHILIPS P,"8,000",CT,60.48,0.0,KL VITORIA - COM. D,FERRAMENTAS
349,GRAMPOS PARA FIXACAO 10MM,"28,000",UN,3.68,0.0,SETE MARES COMER,UTILIDADES
350,GRAMPOS PARA FIXACAO DE FIOS 6M,"39,000",UN,2.96,0.0,SETE MARES COMER,UTILIDADES
351,GRAMPOS PARA FIXACAO DE FIOS 8M,"66,000",PC,3.32,0.0,SETE MARES COMER,UTILIDADES
49,"JOGO CHAVE COMBINADA C/8PCS 8,9","6,000",UN,38.28,0.0,STARTOOLS FERRA,FERRAMENTAS
51,"JOGO CHAVE FIXA 6X7,8X9,10X11,12X","3,000",UN,37.66,0.0,STARTOOLS FERRA,FERRAMENTAS
50,"JOGO CHAVE FIXA 6X7,8X9,10X11,12X","1,000",UN,21.44,0.0,STARTOOLS FERRA,FERRAMENTAS
557,JOGO DE BITS MAGNETICO PONTEIRA p,"233,000",UN,29.84,0.0,SETE MARES COMER,FERRAMENTAS
561,JOGO DE BITS METALICOS 100MM,"235,000",UN,33.34,0.0,SETE MARES COMER,FERRAMENTAS
382,JOGO DE BROCAS CHATAS PARA MADEI,"71,000",UN,24.99,0.0,SETE MARES COMER,FERRAMENTAS
345,"KIT TERMINAL ELETRICO,280 PCS","92,000",UN,30.9,0.0,SETE MARES COMER,ELETRICA
106,LAMINA PARA ARCO DE SERRA 12 24,"96,000",UN,5.5,0.0,KL VITORIA - COM. D,FERRAMENTAS
374,LANCAS PROTETORAS PARA MURO MT,"1,000",UN,8.9,0.0,AKL COM ELETRICA,FERRAMENTAS
213,LORENZETTI RESISTENCIA ULTRA BEL,"-168,000",PC,39.95,0.0,KONECTA,ELETRICA
316,"MAQUINA ETIQUETADORA MANUAL, D","50,000",UN,30.92,0.0,SETE MARES COMER,UTILIDADES
379,MARTELO CABO EMBORRACHADO 2,"92,000",UN,19.99,0.0,SETE MARES COMER,FERRAMENTAS
418,MARTELO CABO DE MADEIRA 27MM,"16,000",UN,18.84,0.0,KL VITORIA - COM. D,FERRAMENTAS
380,MARTELO CABO EMBORRACHADO 50,"27,000",UN,29.76,0.0,SETE MARES COMER,FERRAMENTAS
212,MAX BRAND LAMINA DE BARBEAR,"227,000",UN,6.74,0.0,,UTILIDADES
566,MINI MARTELO DE METAL CABO EMBOR,"118,000",UN,16.02,0.0,SETE MARES COMER,FERRAMENTAS
567,MISTURADOR DE TINTA 400X80,"98,000",UN,12.83,0.0,SETE MARES COMER,FERRAMENTAS
502,MISTURADOR DE TINTA DE METAL,"100,000",UN,14.99,0.0,SETE MARES COMER,UTILIDADES
321,NIVEL P/ USO EM CONSTRUCAO CIVIL 4,"26,000",UN,20.52,0.0,SETE MARES COMER,FERRAMENTAS
322,NIVEL P/ USO EM CONSTRUCAO CIVIL 5,"41,000",UN,23.48,0.0,SETE MARES COMER,FERRAMENTAS
126,PARAF AUTO BROCANTE ARRUELA MO,"4,000",CX,76.61,0.0,KL VITORIA - COM. D,FERRAMENTAS
414,PARAF AUTO BROCANTE CABECA CHA,"50,000",CT,57.92,0.0,KL VITORIA - COM. D,FERRAMENTAS
114,PARAF FORRO CABECA PHILIPS FLAN,"0,000",CT,67.95,0.0,KL VITORIA - COM. D,FERRAMENTAS
356,"PARAF TELHEIRO 5/16 X 110M, ZINCAD","7,000",CX,70.4,0.0,KL VITORIA - COM. D,FERRAMENTAS
174,PARAF (ANFIX) GESSO CABECA TROMBE,"100,000",UN,0.0,0.0,LUSTER IND DE MAT,ELETRICA
127,PARAF (ANFIX) GESSO CABECA TROMBE,"-5,000",CX,33.44,0.0,KL VITORIA - COM. D,FERRAMENTAS
119,PARAF (ANFIX) STEEL FRAME CABECA P,"17,000",CT,95.76,0.0,KL VITORIA - COM. D,FERRAMENTAS
415,PARAF AUTO BROCANTE ARRUELA 12,"0,000",CT,78.46,0.0,KL VITORIA - COM. D,FERRAMENTAS
417,PARAF AUTO BROCANTE ARRUELA MO,"15,000",CT,72.82,0.0,,FERRAMENTAS
353,PARAF AUTO BROCANTE ARRUELA MO,"6,000",CT,83.33,0.0,KL VITORIA - COM. D,FERRAMENTAS
416,PARAF AUTO BROCANTE COSTURA AR,"4,000",CT,110.72,0.0,KL VITORIA - COM. D,FERRAMENTAS
422,PARAF AUTO BROCANTE PLACA CIME,"10,000",CT,23.36,0.0,KL VITORIA-COM.D,FERRAMENTAS
440,PARAF AUTO PERFURANTE BICROMAT,"15,000",CT,104.5,0.0,KL VITORIA - COM. D,FERRAMENTAS
326,PARAF AUTO PERFURANTE STEEL TILE,"10,000",CT,95.47,0.0,,FERRAMENTAS
329,PARAF AUTO PERFURANTE STEEL TILE,"5,000",CT,112.0,0.0,KL VITORIA - COM. D,FERRAMENTAS
241,PARAF DRAYWALL FORRO CABECA PH,"48,000",CT,75.65,0.0,KL VITORIA - COM. D,FERRAMENTAS
494,PARAF DRYWALL FORRO CABECA PHI,"56,000",CT,34.86,0.0,,FERRAMENTAS
335,PARAF DRYWALL FORRO CABECA PHI,"24,000",CT,53.64,0.0,KL VITORIA - COM. D,FERRAMENTAS
492,PARAF DRYWALL FORRO CABECA PHI,"42,000",CT,76.72,0.0,,FERRAMENTAS
484,PARAFUSO CHIP 4.0 X 40 CHATA -ROSC,"210,000",CT,8.91,0.0,,FERRAMENTAS
488,PARAFUSO CHIP 4.0 X 50 CHATA PHS -,"498,000",CT,13.14,0.0,,FERRAMENTAS
483,PARAFUSO CHIP 5.0 X 30 CHATA -ROSC,"746,000",CT,8.28,0.0,,FERRAMENTAS
485,PARAFUSO CHIP 5.0 X 40 CHATA -ROSC,"390,000",CT,10.8,0.0,,FERRAMENTAS
486,PARAFUSO CHIP 5.0 X 50 CHATA -ROSC,"456,000",CT,13.12,0.0,,FERRAMENTAS
489,PARAFUSO CHIP 5.0 X 70 CHATA -ROSC,"500,000",CT,14.37,0.0,,FERRAMENTAS
487,PARAFUSO CHIP 6.0 X 50 CHATA PHS -,"322,000",CT,14.9,0.0,,FERRAMENTAS
490,PARAFUSO CHIP 6.0 X 60 CHATA -ROSC,"500,000",CT,18.34,0.0,,FERRAMENTAS
491,PARAFUSO CHIP 6.0 X 70 CHATA PHS -,"500,000",CT,21.22,0.0,,FERRAMENTAS
507,PINCEL 38MM,"384,000",UN,3.28,0.0,SETE MARES COMER,UTILIDADES
506,PINCEL 50MM,"378,000",UN,4.18,0.0,SETE MARES COMER,UTILIDADES
508,PINCEL 63MM,"348,000",UN,5.18,0.0,SETE MARES COMER,UTILIDADES
509,PINCEL 75MM,"343,000",UN,6.08,0.0,SETE MARES COMER,UTILIDADES
258,PLUG BIG 10A 2P+T BRANCO A GRANE,"-18,000",UN,3.12,0.0,,ELETRICA
248,PLUG BIG 10A 2P+T PRETO A GRANEL,"30,000",UN,3.12,0.0,,ELETRICA
165,PLUG BOB LATONADO,"-23,000",UN,1.9,0.0,CONTROLESIS TECN,ELETRICA
207,PLUG MACHO PRETO,"-43,000",UN,2.61,0.0,LUSTER IND DE MAT,ELETRICA
250,PLUGUE BIG 90 20A 2P BR A GRANEL,"26,000",UN,4.96,0.0,,ELETRICA
256,PLUGUE BIG 90 20A 2P PR A GRANEL,"44,000",UN,4.78,0.0,,ELETRICA
251,PLUGUE BIG 90 20A 2P+T BR A GRANEL,"-11,000",UN,6.82,0.0,,ELETRICA
257,PLUGUE BIG 90 20A 2P+T PR GRANEL,"48,000",UN,6.64,0.0,,ELETRICA
480,PLUGUE DESMONTAVEL PINO MACHO 2,"100,000",UN,3.1,0.0,APLASTEC,ELETRICA
481,PLUGUE DESMONTAVEL PINO MACHO 2,"100,000",UN,2.61,0.0,APLASTEC,ELETRICA
478,PLUGUE DESMONTAVEL PINO MACHO 2,"100,000",UN,4.99,0.0,ALVARENGA COME,ELETRICA
477,PLUGUE DESMONTAVELPINO MACHO 2,"100,000",UN,6.28,0.0,APLASTEC,ELETRICA
153,PLUGUE MACHO,"120,000",UN,2.61,0.0,LUSTER IND DE MAT,ELETRICA
336,PLUGUE MACHO - BCON,"141,000",UN,3.99,0.0,LUSTER IND DE MAT,ELETRICA
337,PLUGUE MACHO 2P+T 20A,"34,000",UN,3.98,0.0,LUSTER IND DE MAT,ELETRICA
77,"PONTA BIT PHILIPS PH2 50MM, MARCA E","0,000",UN,1.82,0.0,KL VITORIA - COM. D,FERRAMENTAS
419,PONTA BIT PHILLIPS 25MM,"-60,000",UN,1.72,0.0,KL VITORIA - COM. D,FERRAMENTAS
239,PONTEIRA PHILIPS PH2 65MM MAGNET,"50,000",UN,2.5,0.0,KL VITORIA - COM. D,FERRAMENTAS
277,PONTEIRA PHILIPS PH2 100MM MAGNET,"290,000",UN,2.29,0.0,KL VITORIA - COM. D,FERRAMENTAS
276,PONTEIRA PHILIPS PH2 50 MM MAGNET,"120,000",PC,2.62,0.0,KL VITORIA - COM. D,FERRAMENTAS
234,PONTEIRO SDS 14X250MM,"3,000",UN,12.62,0.0,KL VITORIA-COM.D,FERRAMENTAS
365,PREGO DE ACO COM CABECA 15X15M,"90,000",PC,4.94,0.0,KL VITORIA - COM. D,FERRAMENTAS
496,PRENDEDOR DE CARGA,"18,000",UN,24.99,0.0,,FERRAMENTAS
254,PROTETOR ELETRONICO 4 SAIDAS,"13,000",UN,23.28,0.0,,ELETRICA
255,PROTETOR ELETRONICO 6 SAIDAS,"9,000",UN,25.66,0.0,,ELETRICA
532,PULSEIRA MAGNETICA,"30,000",PC,38.13,0.0,KL VITORIA - COM. D,UTILIDADES
579,RALO 9 3/4 INOX,"509,000",UN,2.15,0.0,,UTILIDADES
452,RALO DE INOX PARA PIA 5CM,"216,000",UN,3.1,0.0,SETE MARES COMER,UTILIDADES
568,REBITADEIRA 9,"80,000",UN,22.5,0.0,SETE MARES COMER,FERRAMENTAS
562,REF 20005 JOGO DE CHAVES ALLEN HE,"58,000",UN,14.22,0.0,SETE MARES COMER,FERRAMENTAS
565,REF 20007 JOGO DE CHAVES CURTA,"70,000",UN,14.18,0.0,SETE MARES COMER,FERRAMENTAS
559,REF 50364 CHAVE PHILLIPS 3-16X4,"234,000",UN,6.7,0.0,SETE MARES COMER,FERRAMENTAS
59,REF 10515 NIVEL P/ USO EM CONSTRUCA,"19,000",UN,11.2,0.0,SETE MARES COMER,FERRAMENTAS
60,REF 10516 NIVEL P/ USO EM CONSTRUCA,"27,000",UN,12.64,0.0,SETE MARES COMER,FERRAMENTAS
178,"REF 10525 CHAVE UNIVERSAL, MANUAL","113,000",UN,14.81,0.0,SETE MARES COMER,FERRAMENTAS
57,REF 10613 TRENA 7 METRA-NAVY,"51,000",UN,16.42,0.0,SETE MARES COMER,FERRAMENTAS
191,REF 16021 TRENA METRICA 5M 5X25 M,"78,000",UN,10.8,0.0,SETE MARES COMER,FERRAMENTAS
58,REF 40037 FITA VEDA ROSCA 18X5M,"1436,000",UN,1.74,0.0,SETE MARES COMER,UTILIDADES
189,REF 50305 ROLO DE PLASTICO P/ PINTUR,"68,000",UN,8.34,0.0,SETE MARES COMER,UTILIDADES
187,REF 50306 ROLO DE PLASTICO P/ PINTUR,"308,000",UN,4.96,0.0,SETE MARES COMER,UTILIDADES
177,REF 50309 ALICATE DESENCAPADOR/CRIM,"9,000",UN,42.9,0.0,SETE MARES COMER,FERRAMENTAS
185,"REF 50326 LUVA DE PLASTICO (PU), P/ L","176,000",UN,4.36,0.0,SETE MARES COMER,UTILIDADES
186,"REF 50334 LUVA DE PLASTICO (PU), P/ L","252,000",UN,4.36,0.0,SETE MARES COMER,UTILIDADES
190,REF 50341 ROLO DE PLASTICO P/ PINTUR,"-63,000",UN,12.99,0.0,SETE MARES COMER,UTILIDADES
210,REF 5039 KIT TERMINAL ELETRICO,"91,000",CX,26.54,0.0,SETE MARES COMER,ELETRICA
188,REF 50504 LUVA DE MALHA DE PLASTIC,"128,000",UN,4.44,0.0,SETE MARES COMER,UTILIDADES
194,REF 50537 KIT TERMINAL DE ANEL ISO,"92,000",CX,15.44,0.0,SETE MARES COMER,ELETRICA
180,REF 50540 KIT TERMINAL TUBULAR EL,"44,000",CX,33.52,0.0,SETE MARES COMER,ELETRICA
183,REF 50541 KIT TERMINAL ELETRICO OL,"194,000",CX,20.42,0.0,SETE MARES COMER,ELETRICA
181,REF 50542 KIT TERMINAL ELETRICO TI,"197,000",CX,20.42,0.0,SETE MARES COMER,ELETRICA
447,REF 5055 CHAVE DE BIELA DE ABERTUR,"64,000",UN,13.94,0.0,SETE MARES COMER,FERRAMENTAS
347,REF 88005 CANETA TESTE DETECTORA D,"36,000",UN,13.08,0.0,SETE MARES COMER,ELETRICA
179,REF 88051 CHAVE MANDRIL METAL,"90,000",UN,27.48,0.0,SETE MARES COMER,FERRAMENTAS
564,REF20008 JOGO DE CHAVES TORX MEDI,"60,000",UN,16.6,0.0,SETE MARES COMER,FERRAMENTAS
563,REF20009 JOGO DE CHAVES TORX LONG,"58,000",UN,18.72,0.0,SETE MARES COMER,FERRAMENTAS
55,REF50365 CHAVE PHILLIPS 1-4X4,"240,000",UN,6.84,0.0,SETE MARES COMER,FERRAMENTAS
56,REF50366 CHAVE PHILLIPS 1-4X6,"291,000",UN,7.48,0.0,SETE MARES COMER,FERRAMENTAS
182,REF50543 KIT TERMINAL ELETRICO OL,"201,000",CX,22.26,0.0,SETE MARES COMER,ELETRICA
556,REF67016 BICO EXTENSOR DE TORNEIR,"111,000",UN,4.6,0.0,SETE MARES COMER,HIDRAULICA
569,REF90010 BICO EXTENSOR DE TORNEIR,"112,000",UN,4.4,0.0,SETE MARES COMER,HIDRAULICA
151,RESISTENCIA DUCHA C 220V 4000W (L,"641,000",UN,2.89,0.0,LUSTER IND DE MAT,ELETRICA
172,RESISTENCIA DUCHA C 5400 W 220 V (,"918,000",UN,4.16,0.0,LUSTER IND DE MAT,ELETRICA
152,RESISTENCIA DUCHA C 5400 W 220 V~,"29,000",UN,4.44,0.0,LUSTER IND DE MAT,ELETRICA
67,RESISTENCIA HS ADVANCED 7500 W,"12,000",UN,20.32,0.0,TECNO CORTE,ELETRICA
71,RESISTENCIA HS BELLA ULTRA / BELL,"14,000",UN,18.16,0.0,TECNO CORTE,ELETRICA
65,RESISTENCIA HS DUCHINHA SS 5200 W,"21,000",UN,9.96,0.0,TECNO CORTE,ELETRICA
68,RESISTENCIA HS FAMINHO 4T 6800 W,"-62,000",UN,15.99,0.0,TECNO CORTE,ELETRICA
70,RESISTENCIA HS GORDUCHA 3T 5400 W,"21,000",UN,12.8,0.0,TECNO CORTE,ELETRICA
66,RESISTENCIA HS GORDUCHA 4T 5800 W,"49,000",UN,12.99,0.0,TECNO CORTE,ELETRICA
69,RESISTENCIA HS MAXI DUCHA 5500 W (,"101,000",UN,14.99,0.0,TECNO CORTE,ELETRICA
203,RESISTENCIA L&AMP;C BELLA ULTRA 4,"15,000",UN,43.99,0.0,AKL COM ELETRICA,ELETRICA
204,RESISTENCIA L&AMP;C BELLO/MAXI U,"-73,000",UN,29.28,0.0,AKL COM ELETRICA,ELETRICA
343,RESISTENCIA LOREN SHOWER TIPO LO,"3,000",UN,21.61,0.0,DIAMETALIC FERRA,ELETRICA
288,RESISTENCIA LOREN ULTRA 200V 7500,"76,000",UN,43.99,0.0,,ELETRICA
266,RESISTENCIA TIPO F 3 TEMPERATURAS-5,"29,000",UN,18.84,0.0,,ELETRICA
342,RESISTENCIA TIPO F. VIDA LOG.4T (HS),"-140,000",UN,21.15,0.0,DIAMETALIC FERRA,ELETRICA
158,RESISTENCIA TIPO F4 TEMPERATURA 6,"18,000",UN,21.99,0.0,TECNO CORTE,ELETRICA
319,SERRA COPO DE METAL C/ 6 PCS,"-6,000",UN,8.9,0.0,SETE MARES COMER,FERRAMENTAS
200,SERRA DE MADEIRA TUNGSTENIO 110,"76,000",UN,17.99,0.0,STONE DIAMOND TO,FERRAMENTAS
572,SERRA DE TUNGSTENIO 110X20MM,"100,000",UN,16.0,0.0,STONE DIAMOND TO,FERRAMENTAS
197,"SERRA WIDEA 4.3/8""X1.2X24D","208,000",UN,8.9,0.0,STONE DIAMOND TO,FERRAMENTAS
360,"SILICONE ACETICO INCOLOR, 26OG","12,000",UN,15.76,0.0,KL VITORIA - COM. D,UTILIDADES
469,SOQUETE BAKELITE COM RABICHO,"28,000",UN,1.89,0.0,APLASTEC,ELETRICA
260,SOQUETE PORCELANA A GRANEL,"64,000",UN,3.82,0.0,,ELETRICA
259,SOQUETE PORTA LAMPADA A GRANEL,"37,000",UN,5.24,0.0,,ELETRICA
147,SQ ABRACADEIRA ALEMA 19-25MM,"0,000",PC,96.0,0.0,SQ COMERCIO E DIS,UTILIDADES
139,"SQ ABRACADEIRA DE NYLON 3,6X150","142,000",UN,5.6,0.0,SQ COMERCIO E DIS,UTILIDADES
10,"SQ ABRACADEIRA DE NYLON 4,8X200","5,000",UN,9.76,0.0,SQ COMERCIO E DIS,UTILIDADES
142,SQ ABRACADEIRA DE NYLON 4.8X250,"9,000",UN,11.08,0.0,SQ COMERCIO E DIS,UTILIDADES
26,SQ ABRACADEIRA DE NYLON 4.8X280,"31,000",UN,13.96,0.0,SQ COMERCIO E DIS,UTILIDADES
18,SQ ABRACADEIRA DE NYLON 7.2*300,"3,000",UN,26.12,0.0,SQ COMERCIO E DIS,UTILIDADES
17,SQ ABRACADEIRA EM METAL ALEMA 1,"0,000",PC,88.0,0.0,SQ COMERCIO E DIS,UTILIDADES
28,SQ ABRACADEIRA EM METAL C/ BORBO,"989,000",PC,108.0,0.0,SETE MARES COMER,UTILIDADES
29,SQ BOMBA DE AR DE PE DE ALUMINIO,"24,000",UN,27.0,0.0,SETE MARES COMER,UTILIDADES
138,SQ CHAVE PARA MANDRIL 10-13MM*7,"241,000",UN,3.16,0.0,SQ COMERCIO E DIS,FERRAMENTAS
135,SQ COLA PARA PEGAR ROEDORES,"192,000",UN,2.68,0.0,SQ COMERCIO E DIS,UTILIDADES
34,SQ FITA ADESIVA DUPLA FACE,"3,000",UN,7.99,0.0,SQ COMERCIO E DIS,UTILIDADES
33,"SQ FITA ADESIVA DUPLA FACE 2MX1,8","1,000",UN,5.56,0.0,SQ COMERCIO E DIS,UTILIDADES
4,SQ JOGO DE CHAVE HEXAGONAL,"111,000",UN,4.77,0.0,SQ COMERCIO E DIS,FERRAMENTAS
5,SQ JOGO DE CHAVE HEXAGONAL C/ 8,"91,000",UN,5.56,0.0,SQ COMERCIO E DIS,FERRAMENTAS
25,SQ MACARICO A GAS RECARREGAVEL,"24,000",UN,23.72,0.0,SQ COMERCIO E DIS,FERRAMENTAS
137,SQ MULTIMETRO DIGITAL COM BIP,"27,000",UN,26.82,0.0,SQ COMERCIO E DIS,ELETRICA
15,SQ PISTOLA DE COLA QUENTE,"81,000",UN,19.28,0.0,SQ COMERCIO E DIS,ELETRICA
27,SQ PISTOLA DE COLA QUENTE,"37,000",UN,26.56,0.0,SQ COMERCIO E DIS,ELETRICA
19,"SQ RALO DE PIA 5,4CM","0,000",UN,2.8,0.0,SQ COMERCIO E DIS,FERRAMENTAS
30,"SQ RALO DE PIA EM METAL 7,CM","11,000",UN,3.44,0.0,SQ COMERCIO E DIS,FERRAMENTAS
31,SQ RALO DE PIA EM METAL 9CM,"-7,000",UN,4.99,0.0,SQ COMERCIO E DIS,FERRAMENTAS
6,SQ REBITADEIRA MANUAL EM METAL,"20,000",UN,24.96,0.0,SQ COMERCIO E DIS,FERRAMENTAS
62,SR0093 - ALICATE UNIVERSAL 8 4X12 (,"0,000",UN,25.99,0.0,STARTOOLS FERRA,FERRAMENTAS
36,SR0094 - ALICATE BICO 6 4X12,"31,000",UN,18.43,0.0,STARTOOLS FERRA,FERRAMENTAS
37,SR0095 - ALICATE CORTE 6 4X12 (STAR,"33,000",UN,23.66,0.0,STARTOOLS FERRA,FERRAMENTAS
39,SR0116 - MARTELO MADEIRA PQ (STAR,"1,000",UN,25.68,0.0,STARTOOLS FERRA,FERRAMENTAS
40,SR0117 - MARTELO MADEIRA GD (STAR,"14,000",UN,22.32,0.0,STARTOOLS FERRA,FERRAMENTAS
42,SR0411 -MARTELO CABO CURTO EMBOR,"-3,000",UN,18.39,0.0,STARTOOLS FERRA,FERRAMENTAS
533,SUPORTE PARA LIXA DE VELCRO 125M,"49,000",PC,12.0,0.0,KL VITORIA - COM. D,FERRAMENTAS
405,SUPORTE PARA TV ULTRA NA CAIXA,"-10,000",UN,9.9,0.0,APLASTEC,UTILIDADES
107,TALHADEIRA SDS 14 X 250 X 20MM (E,"0,000",UN,12.0,0.0,KL VITORIA - COM. D,FERRAMENTAS
235,TALHADEIRA SDS 14X250X40MM LARG,"0,000",UN,17.99,0.0,KL VITORIA-COM.D,FERRAMENTAS
169,TOMADA DE SOBREPOR 10 A,"119,000",UN,2.89,0.0,LUSTER IND DE MAT,ELETRICA
156,TOMADA DE SOBREPOR 20 A,"154,000",UN,4.7,0.0,LUSTER IND DE MAT,ELETRICA
479,TOMADA DESMONTAVEL PINO FEMEA 2,"0,000",UN,2.75,0.0,APLASTEC,ELETRICA
476,TOMADA DESMONTAVEL PINO FEMEA 2,"100,000",UN,4.99,0.0,APLASTEC,ELETRICA
475,TOMADA DESMOTAVEL PINO FEMEA 2,"93,000",UN,4.26,0.0,APLASTEC,ELETRICA
175,TOMADA FEMEA,"8,000",UN,2.61,0.0,LUSTER IND DE MAT,ELETRICA
155,TOMADA FÊMEA - PTO,"300,000",UN,2.61,0.0,LUSTER IND DE MAT,ELETRICA
253,TOMADA SLIM 10A 2P+T BRANCA A GR,"47,000",UN,3.04,0.0,,ELETRICA
246,TOMADA SLIM 10A 2P+T PRETA A GRA,"48,000",UN,2.9,0.0,APLASTEC,ELETRICA
247,TOMADA SLIM 20A 2P+T PRETA A GRA,"24,000",UN,3.64,0.0,,ELETRICA
249,TOMADA SLIM 20A 2P+T PRETA A GRA,"34,000",UN,3.49,0.0,,ELETRICA
397,TRENA 10 METROS,"14,000",UN,19.8,0.0,SETE MARES COMER,FERRAMENTAS
400,TRENA 3 M X19MM,"63,000",UN,7.78,0.0,SETE MARES COMER,FERRAMENTAS
362,"TRENA 5M X 25MM, ACO INOXIDAVEL,","4,000",UN,107.4,0.0,KL VITORIA - COM. D,FERRAMENTAS
361,"TRENA 5M X 25MM,ACO INOXIDAVEL, M","4,000",UN,108.82,0.0,KL VITORIA - COM. D,FERRAMENTAS
363,"TRENA 5MX25MM, ACO INOXIDAVEL, M","4,000",UN,124.36,0.0,KL VITORIA - COM. D,FERRAMENTAS
381,TRENA MANUAL 5MX25MM LARANJA,"208,000",UN,10.8,0.0,SETE MARES COMER,FERRAMENTAS
61,TRENA TRANSPARENTE 5M,"250,000",UN,10.8,0.0,SETE MARES COMER,FERRAMENTAS
225,V-12 (BRANCO) ADAPTADOR ARTICULAD,"26,000",UN,8.1,0.0,,ELETRICA
